,2488
restaurant,444
pianos,404
Sohmer & Co.,227
Garfield Tea,197
National Biscuit Company,176
Frank V. Strauss & Co.,154
A. Simonson,141
herbal tea laxative,127
Pianos,127
bank,125
Between the Acts Little Cigars,119
cigars,118
beer,111
beauty parlor,104
The Bronx National Bank,101
"315 Fifth Ave., cor. 32d St.",101
Peter Doelger First Prize Brewery,101
Phillips' Digestible Cocoa,100
hotel,100
Steinway & Sons,94
"506 Fifth Avenue, Near 42 Street, New York City",93
Third Avenue and 149th Street,91
The Sterling Piano Co.,91
Fennell's Bronx Store,88
Richard Webber,87
"107 and 109 East 14th Street, New York",83
cocoa,81
cheese,81
restaurant and cabaret,77
cigarettes,74
Lovera Cigars,74
Lane Bryant,74
M. Karrer,72
Loewy's,70
Kling's Hotel and Cafe,69
hotel and cafe,68
Mme. D. Schnabel,66
photography studio,66
little cigars,65
Hudson Trust Company,63
Cammeyer,62
Restaurant,62
shoes,61
"N. E. Corner 149th Street and Third Avenue, New York",59
Clysmic,58
men's and boys' clothing,58
Horlick's,58
malted milk,58
maternity clothing,56
theatre program advertising,55
table waters,55
hats,54
"Keeley Institute, White Plains, N. Y.",54
"remedy for alcoholoism, drug using, and nerve exhaustion",54
Central Union Gas Company,53
restaurant and cafe,53
"19 W. 38th St., near Fifth Ave., Also B'way and 163d St.",53
"149th Street, West of Third Avenue",52
"2908 Third Avenue, near Westchester Avenue",51
"furniture, carpets, rugs, beds and bedding",50
Schapiro's,50
Keeley Cure,50
Broadway & 30th St.,49
Liederkranz Cheese,49
39th St. at Broadway,49
Hofbrau Haus,48
Hughes,48
Rogers Peet Company,48
La Parisienne Rotisserie,47
clothing,47
Rogers Peet & Co.,46
"149th St., West of Third Ave.",45
6th Ave. & 20th St.,45
"630 8th Ave., bet. 40th and 41st Streets",45
optometry,45
12th Night,44
pawn broker,43
O. W. Wuertz,43
gowns,43
"315 Fifth Avenue, Cor. 32d St., N. Y.",43
Manhattan Cream Cheese,42
furrier,41
Union Household Supply Co.,41
Phenix Cheese Co.,41
"St. James Importing Co., N. Y., Importers",41
cream cheese,40
"St. James Importing Co. (Importers), N. Y.",40
Jandorf & Steiner's,39
Horton's Ice Cream,39
ice cream,39
Cigars,39
Strong the Clothier,39
"Broadway & 65th St., and 3rd Ave. & 145th St., New York",38
"3210 Third Avenue, near 161st St.",37
electrical supplies,37
A. F. Emrich & Bro.,37
The Ellsmere,37
"80-82 West 126th Street, Near Lenox Avenue",37
Lexington School for Dancing,37
150 East 125th Street,37
Physical Culture Restaurants,37
Waw-Waw Sauce,37
Val Schmitt's Hofbräu Haus,37
Baron's Belvidere Cafe and Grill Room,37
"386-398 East 152d Street, Bronx",36
"bakery, restaurant and lunch room",36
corset and glove maker,36
catering hall,36
dancing school,36
Mme. Hammel,36
"335 Willis Ave., Bet. 141st and 142d Sts.",36
millinery,36
Johann Hoff's Extract,36
"345 Greenwich Street, New York",36
stationery store,36
"894 Broadway, Brooklyn",36
"Broadway at Warren St., at 13th St., at 34th St., New York",36
The Buxbaum Photo Studio,36
Counes Quality Candies,35
J. & M. Haffen Brewing Co.,35
Weiser's,35
"meats, poultry, groceries, dairy, fish, delicatessen, vegetables, bakery",35
cafe,35
"""Caterers of Nature's Pure Foods""",35
Blumstein's,34
"150th St., 3d and Melrose Aves., Bronx and 125th St. bet. 7th and 8th Aves., Harlem",34
Third Avenue and 117th Street,34
29 Flatbush Av. 68-70 Court St.,34
Between the Acts,34
"315 Fifth Ave., cor. 32d St",34
Orfan's Confectionery,34
clothing on credit,33
446 Willis Ave.,33
Berninger's Melrose Hall Cafe,33
The Food Department Stores,32
376 East 150th Street,32
The Palm Garden Restaurant and Cafe,32
"S. E. Corner 156th Street and 3d Avenue, Bronx, N. Y.",32
Loeffler's Palm Garden,31
508-514 Willis Avenue at 148th Street,31
haberdashery,31
Epstein and Berdy,31
department stores,31
Dubonnet,31
Hotel Traymore,31
"407-433 E. 55th St., N.Y.",31
New York    ,30
J. H. Degelman,30
H. Baum,30
"2935 Third Avenue, Between 151st and 152d Streets",30
watches and jewelry,30
Roma Photo Studio,30
"2861 Third Ave., Between 149th and 150th Sts.",30
Whitbread English Ale and Stout,30
Interborough Dairy Lunch,30
"518-520 Fulton St., Cor. Hanover Pl., Brooklyn, N.Y.",30
Chiclets,30
The Levin Credit Co.,30
Spic and Span,30
candy,29
Criterion Restaurant,29
malt extract tonic,29
"308-310 West 58th Street, near Col. Circle",29
Mrs. Cohen,29
furniture,29
Hanover Lunch,28
"2858 Third Ave., near 149th St., New York",28
Bronx Hofbrau Haus,28
S. Schiller,28
booking agent for musicians and singers,28
Silox Pure Water Co.,28
Val Schmitt's Hofbrau Haus,28
Rosoff's Elegant Dining Room,28
B. Olbricht,28
730-732 Broadway,28
cough drops,28
"hair goods, hair dyeing and dressing, facial massage, shampooing",27
Opera Cafe Restaurant,27
409 Broadway,27
purified water,27
hair goods,27
costumes,27
J. Maurer,27
"108-114 Wooster Street, New York",27
Little Cigars,27
mortgage loans,27
Arrowroot Biscuit,27
"73-75-77-79-81-83 Rockwell Place, Cor. Fulton St., opp. Orpheum Theatre",27
Graham Avenue and Broadway,27
1207 Broadway,27
formal wear rental,27
Hotel Belmore,27
"2629 Third Avenue, near 140th Street",26
M. Crotty,26
"606 Melrose Ave., Between 150th and 151st Streets, Formerly at Bergen Ave.",26
clothing dyeing and cleaning,26
Bay-Roma Co.,26
"2977 3rd Ave., Bronx, N. Y.",26
"hair goods, hair dressing, scalp treatment",26
Stein Tire & Rubber Company,26
Grand Hungarian Restaurant,26
Rockwell Place and Fulton St.,26
920 Broadway and 1390 Broadway,26
G. Edelstein & Co.,25
Bootz Apricot Liqueur,25
"629 Sixth Ave., Bet. 36th & 37th Sts.",25
Bronx Electrical Supply Co.,25
"411 East 149th Street, near Third Avenue",25
James Moffett and Robert Elwell Moffett Mortgage Loans,25
programme advertising and publishing house,25
Arrowroot Biscuits,25
hotel and restaurant,25
H. C. Bohack Co. Inc.,25
"59 Court St., near Borough Hall",25
"2798 Third Avenue, Bet. 147th and 148th Sts.",24
"Stein Building, 1741 Broadway, New York City",24
"315 Fifth Avenue, Cor. 32d St., N.Y.",24
"restaurant, cabaret, and dancing",24
The Reid Ice Cream Co.,24
738 Broadway and 755 Flushing Ave.,24
Hoffman Bros.,24
"534 Willis Ave., 149th St., at Subway Station, 531 Bergen Ave., bet. 149th St. and 148th St.",23
B. Ritter,23
victrolas,23
Chocolate Tokens,23
Sen-Sen Cachous,23
Shanley's,23
879 Broadway,23
"1431 Broadway, Brooklyn, N.Y.",23
"diamonds, watches, jewelry",22
Beaber's Fur Shop,22
108-14 Wooster St.,22
"943 Broadway, near Myrtle Ave.",22
"1084 Broadway, Brooklyn, or 38 East Broadway, New York",22
Stultz & Bauer,22
Goodstein's Loans,22
"279 Bridge Street, One Block from Myrtle Ave.",22
N. E. Corner 25th Street and Lexington Avenue,22
"furniture, rugs, beds, and bedding",21
"3210 Third Ave., 161st St. L Station",21
bakery and lunch room,21
automobile tires,21
breath freshener,21
William Koontz,21
confections,21
groceries,21
H. C. Luckenbach,21
The Holler Studio,21
Wilson Whiskey,20
Lucile Ltd.,20
"17 West 36th Street, New York",20
The Broadway Art Stores,20
"sheet music, post cards, souvenirs of New York",20
The Lundborg Company,20
peroxide massage cream,20
Hotel Avenel,20
S. E. Cor. 124th St. and Lexington Ave.,20
"518-520 Fulton St., Corner Hanover Place, Brooklyn, N.Y.",20
Sen-Sen,20
45-51 Flatbush Ave. near Fulton,20
Sporting Goods and Hardware,19
"446 Willis Ave., Between E. 145th and E. 146th Sts.",19
"2904 Third Avenue, near Westchester Avenue",19
Sahlin perfect form and corset,19
Susanne Trowbridge,19
"3370-72-74 Third Ave., bet. 165th and 166th Sts.",19
chocolates and bonbons,19
Orange Manufacturing Co.,19
"407-433 East 55th Street, New York",19
Medicine,19
Knox Hats,19
J. Kurtz & Son,19
Clothing,19
aperitif,19
ice cream and catering,19
jewelers and optometrists,19
"diamonds, watches, cut glass, clocks jewelry and silverware",19
"3196 Third Avenue, near 161st Street",18
whiskey,18
"gowns, wraps, millinery, lingerie, corsets",18
Hotel Windsor,18
108-114 Wooster St.,18
"Carpets, Rugs, Oil Cloths, Linoleum",18
Mfg. Jeweler and Importer,18
The Dolphin,18
Lenox Ave. at 145th St.,18
Jandorf & Steiner,18
Rykon Biscuit,18
Twelfth Night,18
Rykon Biscuits,18
Somers,18
Joe's Restaurant,18
"1382 Broadway, Between Gates Avenue and Monroe Street, Brooklyn",18
Huyler's,18
The Royal Blue World Cruises,18
Jefferson Dining Room,18
hair restorer,17
120th Street and Third Avenue,17
Marlborough Rathskeller,17
"St. James Importing Co., N. Y.",17
Mrs. Winslow's Soothing Syrup,17
S. E. Cor. 124th Street and Lexington Avenue,17
candies,17
"Broadway & 65th St., 3rd Ave. & 145th St., New York",17
men's clothing  ,17
Dr. Frank Camino,17
surgeon chiropodist,17
George W. Smith,17
electrical effects,17
Hofbräu Haus,17
chewing gum,17
Murray's,17
cruises,17
"108-14 Wooster St., New York",16
hats and shirts,16
153 West 125th Street,16
J. Schapiro,16
Travis Men's Outfitter,16
The Columbia Storage Ware-Houses,16
storage,16
Salon,16
"1031 Broadway Near the ""Berlin""",16
gas heaters and radiators,15
Melrose Ave. and 151st St.,15
"518 Willis Ave., Near 148th St.",15
Broadway and 36th Street,15
Bank,15
"3414 Third Ave., At 166th St. ""L"" Station",15
"108 Wooster St., New York City, Bet. Spring and Prince Sts.",15
"406 E. 149th St., S. E. Cor. of 3d Ave.",15
Wuertz,15
Counes Candy,15
G. Schirmer (Inc.),15
3 East 43rd Street,15
Hughes Sight Expert,15
Egyptian Deities,15
Hotel Hermitage,15
Velogen,15
"Warren St., 13th St., 34th St.",15
"Broadway, 43d to 44th Streets",15
126-134 Rockaway Ave. near Fulton St.,15
"5 and 7 Jefferson Street, One door from Cor. Broadway and Myrtle Ave.",15
S. W. Cor. 149th Street and Third Avenue,14
"Broadway at Warren St., at 13th St., at 34th St.",14
"407-433 East 55th St., N.Y.",14
"3196 Third Ave., near 161st St.",14
3d Ave. at 162d St.,14
"2973 Third Avenue, Near 153d St.",14
New York Calcium Light Co.,14
Lord & Taylor,14
Cavanagh's,14
"108-114 Wooster St., New York",14
Smith Brothers',14
Cocoa,14
Marvel Co.,14
"2952 Third Ave., near 152d St.",13
106 West 57th Street,13
furs,13
baseball uniforms and supplies,13
music dealers,13
Hepner,13
wigs,13
Broadway and 30th Street,13
"Dealer in second-hand gowns, furs, and diamonds",13
Grocery Store,13
protector of singing rights,13
biscuits,13
Brooklyn    ,13
Publisher,13
Majestic Hotel,13
"1031 Broadway, Near the ""Berlin""",13
metal polish,13
Bronx Electric Supply Co.,12
gowns and hats,12
"Dealer in second-hand gowns, furs, and jewelry",12
"J. H. Degelman, Inc.",12
men's formal wear rental,12
"Melrose Avenue, at 151st Street",12
"Areco Building, 149th Street and Third Avenue  ",12
Broadway and 49th St.,12
"407-433 East 55th St., New York",12
Abraham and Straus,12
"Steinway Hall, 107 and 109 East 14th Street, New York",12
laxative tea,12
258-260 West 23d Street,12
Thirty-Ninth Street and Broadway,12
"518-520 Fulton Street, cor. Hanover Place, Brooklyn, N. Y.",12
Beer,12
Brewery,12
1031 Broadway,12
Alfred H. Smith Company,12
"Writing Papers, Kodaks, Fancy Goods, Dolls, Toys, Games, Children's Furniture, Etc.",11
corsets,11
"Third Avenue, Bet. 144th and 145th Streets",11
"""Neffah Brew"" in Bottles",11
remedy for teething pain,11
"3rd Ave. and 149th St., foot of L and Sub-station, S. W. cor.",11
S. Markowitz,11
"336 E. 143d St., near 3d Ave.",11
The F. & M. Schaefer Brewing Co.,11
Furniture,11
florists,11
H. Batterman Co.,11
New York       ,11
"1498 Broadway, N. Y.",11
costume fabricator,11
banking,11
Packard cars for hire,11
Bustanoby's Restaurant,11
Hotel Sinclair,11
throat and breath freshener,11
"1291 Broadway, Brooklyn",11
Sterling Piano Co.,11
"518-520 Fulton St., Cor. Hanover Pl., Brooklyn",11
Borine,11
Wallicks,11
Ramsdell Drug Co.,11
Dinner Biscuit,11
Cough Drops,11
Smith Brothers,11
Cor. East 148th St. and Courtlandt Ave.,10
"3370-72-74 Third Ave., near 166th St.",10
aperatif,10
66th Street and Columbus Avenue,10
3370-72-74 Third Ave. at 166th St.,10
ladies' tailor and furrier,10
"Courtlandt Avenue, corner E. 148th St.",10
corsets and gloves,10
Hitchings,10
Clarice,10
grocery store,10
Hotel,10
skin cream,10
restaurant and grill,10
Ernest E. Mouland,10
Michaud's Restaurant,10
"506 Fifth Avenue, near 42nd Street",10
restaurant and dancing,10
"No. 32 Broadway, N. Y.",10
James Moffett and Robert Elwell Moffett,10
Cheese,10
Photography,10
"73-75-77-79-81-83 Rockwell Place, Cor. Fulton St., opp Orpheum Theatre",10
"19 W. 38th St., near Fifth Ave., also B'way and 163d St.",10
Uneeda Credit Clothing Co.,10
Marvel Whirling Spray Douche,10
"984 Broadway, cor. Vernon Avenue near Myrtle Ave. ""L"" Station",10
St. Nicholas Rink,9
ice skating rink ,9
Ebling's Casino,9
East 156th St. and St. Ann's Ave.,9
scenery  ,9
2973 Third Avenue,9
Sole Distributors of Thomas A. Edison Kinetophone,9
shirts   ,9
Klosfit Company,9
"carpets, rugs, oil cloths, linoleum",9
"227-239 West 17th Sreet, N. Y. City",9
Courtlandt Avenue and 148th Street,9
Bryant Park Art & Stationery Shop,9
"55 West 42d St., N. Y. City",9
Cole's,9
department store,9
hairdressers,9
The Peerless Economic Gas Lamp,9
Men's Clothing,9
Cigarettes,9
advertising,9
Sohmer Piano,9
Dr. Applebaum,9
hair removal,9
71 East 59th Street,9
Schandein & Lind Co.,9
Garwood's Breath Hearts,9
"230 and 232 Duffield St. Near Fulton St. Brooklyn, N. Y.",9
Steinway and Sons,9
"39 West 33d Street, New York",9
Ice Cream and Catering,9
photography,9
Murad Turkish Cigarettes,8
Cor. 149th Street and Third Ave.,8
"612 Melrose Avenue, One Block Up",8
Original Christensen School of Popular Music,8
151b W. 125th St.,8
theatre program binders,8
"Courtlandt Avenue, Corner East 148th Street",8
jewelers,8
The American Talking Picture Co.,8
petticoats,8
Schnabel ,8
Perry's Confectionery,8
532 Willis Ave.,8
Churchill's  ,8
Pennsylvania Arcade and Long Island Stations,8
Antikamnia Tablets,8
"943 Broadway, Cor. Myrtle, Brooklyn, N. Y.",8
"518-520 Fulton St., Cor. Hanover Place, B'klyn, N. Y.",8
"446 Willis Avenue, Bet. 145th and146th Sts.",8
Tryon,8
gown fabricator,8
Hess Bros.,8
"Fulton, High and Liberty Sts. At Brooklyn Bridge Plaza, Brooklyn, N. Y.",8
"358 9th St., Brooklyn, N. Y.",8
Gum,8
El Rado,8
"Broadway, 43d-44th Streets",8
Fleischman Turkish & Russian Baths,8
Shoes,8
Bohack,8
"44 E. 23rd Street, New York",8
theatre programs,7
pianos and player-pianos,7
"518 Willis Ave., near 148th St. and Third Ave.",7
"227-239 West 17th Sreet, New York City",7
scenery painters,7
uniforms,7
"108-10-12-14 Wooster St., New York City",7
"446 Willis Ave., Bet. 145th & 146th Sts.",7
The Enterprise,7
"24 East 125th Street, near Madison Avenue",7
ladies' tailoring and dressmaking,7
"S. W. Cor. 149th St. and 3rd Ave., Foot of ""L"" and Sub. Stations",7
"5th Avenue and 31st St., N. Y.",7
Dodge & Castle,7
program advertising and publishing house,7
Shulman & Shulman,7
"Times Square, 42nd Street, Seventh Avenue",7
scenery construction,7
"42d Street, Times Square, Seventh Avenue",7
restaurants,7
"55 West 42d St., New York",7
Ted Snyder Co.,7
Keeley Institute,7
German restaurant,7
Philadelphia,7
"42d St., near B'way",7
Cameo Biscuit,7
Max & Mahieu,7
"No. 32 Broadway, N.Y.",7
42d St. & Broadway,7
The Holler Studio Photographers,7
Smith Bros',7
"279 Bridge Street, One block from Myrtle Ave.",7
"518-520 Fulton St., Cor. Hanover Pl., Brooklyn, N. Y.",7
Mortgage Loans,7
Kleanwell toothbrushes,7
Optometrist,7
Advertising,7
Goodstein's,7
Lefstein and Rosenfeld,7
"1480-86 Broadway, Corner Saratoga Avenue",7
"3414 3rd Ave., At 166th St. L Station",6
C/B A La Spirite Corsets,6
Scenery,6
clothier and haberdasher,6
"remedy for teething pain, wind, colic, and diarrhoea",6
ragtime and theatre piano playing lessons,6
Banking,6
N. E. Corner 149th Street and Third Avenue,6
153 West 125th St.,6
Counes Candy Store,6
candies and soda fountain,6
shirts and negligees,6
"1493 Broadway, N.Y.",6
"remedy for headaches, insomnia, women's aches",6
"Sohmer Building, 315 Fifth Avenue. Cor. 32d St., N.Y.",6
Wm. Vogel & Son,6
Bootz Apricot Cordial,6
Hoshajian Co.,6
Millinery,6
"506 Fifth Ave., New York",6
Opera Cafe Restaurant and Criterion Restaurant,6
"Sohmer Building, 315 Fifth Avenue. Cor. 32nd St., N.Y.",6
"446 Willis Ave., Between E. 145th and E. 146th Sts., Also 1166 Boston Road, near E. 167th St.",6
men's attire,6
Universal Taximeter Cab Co.,6
153 East 53d St.,6
Bryant Park Art and Stationery Shop,6
"West 39th Street, near Broadway",6
King of Clysmic,6
Lozenges,6
Selden Johnston,6
"262-264 Greene Avenue, Brooklyn",6
paper boxes,6
"Broadway, at 43rd St.",6
Orange Mfg. Co.,6
Louise & Co.,6
554 Fifth Ave.,6
Ramsdell's olive cream,6
Columbus Circle and 58th Street,6
"Atlantic City, N. J.",6
The Herbert Company,6
"43d St., near B'way",6
47 West 42d Street,6
45-51 Flatbush Ave.,6
"407-455 East 55th Street, New York City",6
Candy,6
"5 and 7 Jefferson Street, Cor. Broadway and Myrtle Ave.",6
45-51 Flatbush Avenue,6
Restaurant and Cafe,6
Metal Polish,6
Teller's Broadway Theatre,6
407-433 East 55th St.,6
Tea,6
Buxbaum Photo Studio,6
Loans,6
"Fifth Ave. and 31st St., N. Y.",5
S. W. Cor. 149th St. and Third Ave.,5
Tango Boneless Corsets,5
149th Street and Third Avenue  ,5
"1493 Broadway, N. Y. City",5
hair product,5
Weiser,5
Lundborg Co.,5
toilet water and perfume,5
"208 Fifth Ave., New York",5
Kaiser-Hof German Restaurant,5
Broadway and 39th Street,5
men's clothing,5
Phelps & Perry,5
"3 Maiden Lane, New York",5
jeweled embroideries,5
Young Bros.,5
men's hats   ,5
gown designer,5
"108-114 Wooster St., New York City",5
restaurant/dancing,5
Charles K. Harris,5
Shortbread,5
milliners and dressmakers,5
"506 Fifth Avenue, Right above 42 Street, New York City",5
Reisenweber's ,5
hair remover,5
public baths,5
"181-189 Chestnut St., Newark, N. J.",5
Fleischman Baths,5
Turkish and Russian baths,5
Table Waters,5
"518-520 Fulton Street, Corner Hanover Place, Brooklyn, N. Y.",5
Watchman Whiskey,5
"506 Fifth Avenue, near 42 Street, New York City",5
"tablets for headaches, neuralgias, colds, womens aches & ills",5
Cookies,5
The Jefferson Restaurant,5
Ice Cream,5
cafe and grill room,5
"108-114 Wooster St., N.Y.",5
The Reid Ice Cream Company,5
879 Broadway - One block from Broadway Theatre,5
907 Broadway,5
Burnham's Bovim Bouillon Cubes,5
Stultz and Bauer,5
Maternity clothing,5
"1084 Broadway, Brooklyn or 38 East Broadway, NY",5
45-51 Flatbush Ave,5
H.C. Luckenbach,5
Photographers,5
"3410-12-14 Third Ave., At 166th St. ""L"" Station",4
"2231-2233 Third Ave., bet. 121st and 122d Sts.",4
New York Frame & Picture Co.,4
"142 Fulton St., N. Y. City",4
pictures and framing,4
properties,4
"Courtlandt Avenue, Corner 148th Street",4
dresses,4
"2677 Third Avenue, Near 143d Street",4
Whiskey,4
"3414 Third Avenue, At 166th St. ""L"" Station",4
"stationery, Kodaks, athletic goods, pocket cutlery",4
"candies, chocolates and bon-bons",4
"3414 Third Ave., at 166th St. ""L"" Station",4
149th Street & Third Ave.,4
"3414 3rd Av., At 166th St. L Station",4
Opera Cafe,4
jeweler and importer,4
"3196 Third Avenue, Near 161st Street, Bronx, New York",4
"3414 Third Avenue at 164th Street ""L"" Station",4
S. W. Corner 149th Street and Third Avenue,4
gas heated flat iron,4
record players,4
"506 Fifth Avenue, New York",4
"Sohmer Building, 315 Fifth Avenue, Cor. 32d St., N.Y.",4
"N. E. corner 149th Street and Third Avenue, New York",4
"2953 Third Ave., near 152d St.",4
"2148-2150 Third Avenue, Bet. 117th and 118th Streets",4
Minstrel Parade costumes,4
"second-hand gowns, furs, and diamonds",4
"Broadway, Brooklyn",4
playbill advertising,4
athletic club outfitters,4
"Courtland Avenue, corner E. 148th St.",4
tea,4
Churchill's Restaurant,4
Joseph and Frances,4
"stationery, books, picture framing, engraving, greeting cards",4
Women's Clothing,4
N. Y. Fashion Feather Company,4
"Arena Building, 38-40 West 32d St.",4
birds' feathers and plumes,4
"120th St. and 3rd Ave., Manhattan. 163rd St. and So. Boulevard, Bronx. 177th St. and Webster Ave., Bronx. 1st St. and 6th Ave., Mt. Vernon, N.Y.",4
tooth and gargle powder,4
Texasalt,4
"768 5th Ave., New York",4
"White Plains, N.Y.",4
"763 5th Ave., New York",4
Sixth Avenue and 42d Street,4
Broadway and 42d Street,4
Reisenweber's Exceptional Cabaret,4
43d Street and Broadway,4
Virtuoso player-piano rolls,4
toupees,4
bouillon cubes,4
Three Broadway Stores at Warren St. at 18th St. at 34th Street,4
"108, 110, 112, 114 Wooster Street, New York",4
Cabaret,4
Wiener Style Beer,4
H.C. Bohack Co. Inc.,4
879 Broadway--One block from Broadway Theatre,4
piano,4
Hats,4
Hudson Construction Co.,4
Lovera,4
Tires,4
"920 Broadway, Three doors from Broadway Theatre; Branch: 1390 Broadway - Opposite Shubert Theatre",4
"Broadway at Warren St., at 12th St., at 34th St.",4
pianos and victrolas,4
"meats, groceries, vegetables, liquors and delicatessen",4
Horton's,4
Burnham's Clam Bullion,4
"19 W. 38th St., near Fifth Ave.",4
"984 Broadway, Cor. Vernon Avenue near Myrtle Ave. ""L"" Station",4
Shanley's New Restaurant,4
Doris Sandwich,4
"1 West 34th St., 504 5th Ave. at 42nd St., 582 5th Ave. at 47th St.",4
"Mulhens & Kropff, Inc.",4
household metal polish,4
"518-520 Fulton Street, Brooklyn",4
vision testing,4
N.E. Corner 25th Street and Lexington Avenue,4
Clothiers,4
Mortgage loans,4
"108 Wooster St., New York City, bet. Spring and Prince Sts.",4
Broadway and Myrtle Avenue,4
"Jewelry, watches, clocks",4
Schapiro's Toyland  ,3
"Dolls, Toys, Games, Baby Carriages, Children's Woodenware, Etc.",3
Bay-Roma,3
Sagamore Spring Water,3
272 West 34th St.,3
Clymic,3
"3414 3rd Ave. At 164th St. ""L"" Station",3
gas ranges,3
Lee Lash Studios,3
C. G. Conn,3
musical instruments,3
Russell Uniform Co.,3
"149th St. and Third Ave., A-Ro-Co. Bldg.",3
"2148 and 2150 Third Avenue, and 2231-2233 Third Ave., bet. 121st and 122d Sts.",3
Fennell's,3
"227-230 West 17th Street, New York City",3
gas appliances,3
"227 West 17th St., New York",3
Southwest Corner of 149th Street and Third Ave.,3
2973 Third Ave.,3
"2952 Third Avenue, near 152d St.",3
"1493 Broadway, New York",3
"Areco Building, 149th St. & 3rd Ave.",3
"2904 Third Avenue, near Westchester Ave.",3
hair products,3
"James Moffett, Robert Elwell Moffett, Mortgage Loans",3
women's apparel,3
home furnishings,3
gas cylinder heaters and radiators,3
flags and decorations of every description,3
"hair dressing, facial massage, shampooing, hair goods, toilet articles",3
"3414 Third Avenue at 166th St. ""L"" Station",3
Far East Tea Gardens,3
"Columbus Circle, Broadway, cor. 59th St.",3
Warnock Uniform Co.,3
herbal tea,3
Piano,3
Peter Doelger Beer,3
"stationery, artists' materials, cameras, sporting goods",3
milliner,3
Victrolas,3
"Columbus Ave., 66th to 67th Sts., 80th St. and Amsterdam Ave.",3
J.H. Degelman,3
theater programs,3
"2952 Third Ave., near 152d Street",3
The Union Household Supply Co.,3
"120th Street and Third Avenue, 177th Street and Webster Avenue, Bronx, 1st Street and Sixth Avenue, Mount Vernon",3
"3414 Third Ave., At 166th St. ",3
athletic and sporting goods,3
Bootz ,3
"5th Ave., Cor. 42d Street",3
Hotel Gerard,3
"West 44th St., bet. Broadway and 6th Ave.",3
I. M. Cohen,3
15-19 Maiden Lane,3
"buyers of diamonds, jewelry, antiques and gold",3
cold cream,3
Hair Removal,3
Schnabel Corset and Glove Maker,3
dinner biscuits,3
Ramsdell's Olive Cream,3
"108-114 Wooster Street, New York City",3
Rupert A. Ryley,3
"242 Fifth Avenue, New York",3
S & H Mfg. Co.,3
"82-84 Church Street, New York City",3
dinner gowns,3
"3414 3rd Avenue At 164th St. ""L"" Station",3
Grocery,3
herbal tea laxative and headache powders,3
"Keeley Cure, a remedy for alcoholoism, drug using, and nerve exhaustion",3
Times Square and 43d Street,3
Broadway and Brooklyn,3
Hotel Rudolf,3
Malted milk,3
Chocolates,3
trust company,3
42d St. near B'way,3
costume fabricators,3
708 5th Ave. New York,3
Broadway and 30th St.,3
The Jefferson Dining Room,3
H. Weber,3
1239 Broadway,3
"sporting goods, bicycles, cameras",3
Dileos Beauty Parlor,3
"472 Fulton St., B'klyn",3
Confectionery,3
Theatre programs,3
Photo studio,3
Everything in Hair Goods,3
Madame Ripley,3
Horlick's Malted Milk,3
Wallicks Restaurant,3
Spa,3
1291 Broadway,3
cabaret,3
"39th Street, West, opp. Maxine Elliott's Theatre",3
Men's and Boys' Clothing,3
Columbus Circle and 59th Street,3
Chewing Gum,3
Fulton Hotel,3
"20 and 22 Smith Street Bet. Fulton and Livingston Sts., Brooklyn, N. Y.",3
Jewelers and Optometrists,3
Smith Bros.,3
Miller,3
Woman Suffrage Amendment,3
"19 W. 38th St., near Fifth Ave., Also B'way and 163d St. ",3
"506 Fifth Avenue, Between 42d & 43d Streets",3
real estate rental,3
Hairdresser,3
Maternity Clothes,3
126-134 Rockaway Ave. Near Fulton St.,3
hosiery,3
A.W.B. Boulevard Velvets,3
skating costumes,3
18K white gold,3
Anti-kamnia Corporation,3
The Claridge,3
"25 West 45th Street, New York City",3
The Breakers,3
Hotel Nassau,3
Buell Scenic Studio,3
scenery design and painting,3
Mme. Haverstick,3
Henri Bendel,3
New York Theatre Program Corp.,3
medicinal tea,3
loans,3
Cheney Brothers,3
Panama-Pacific International Exposition,3
Mac Levy Gymnasium,3
352 Fourth Avenue,3
Table water,3
Ad Space,3
"5 and 7 Jefferson Street, One door from Broadway and Myrtle Ave.",3
"Poughkeepsie, N.Y.",3
Otto Kampfe Mfg. Co.,3
Digestible Cocoa,3
"Optometry, Sight Expert, Eye-testing",3
C. C. Shayne & Co.,3
6th Ave & 20th St.,3
photographs,3
Metal polish,3
Publishers,3
Joseph,2
"149th St. and Third Ave., A-Re-Co. Bldg.",2
2148 and 2150 Third Avenue  ,2
table wafers,2
Gates and Morange,2
"Third Ave., at 166th St.  ",2
baseball and tennis goods,2
S. W. Cor. 149th St. & Third Ave.,2
men's suits,2
"meats, poultry, fish, vegetables, fruits, groceries, canned goods, delicatessen, dairy products, bakery food and confection",2
"206 Fifth Ave., New York",2
chocolates  ,2
"3414 Third Ave. at 166th St. ""L"" Station",2
New York City  ,2
BETWEEN THE ACTS,2
166th St. and Third Ave.,2
gas lamp,2
clothing and household articles on credit,2
toys,2
406 E. 149th St.,2
glove and corset maker,2
"3414 3rd Av., At 164th St. L Station",2
"237 West 17th St., New York",2
hatters and furnishers,2
"Third Avenue at 166th St. ""L"" Station",2
Cor. 149th St. & 3rd Ave.,2
Sahlin Corset,2
149th Street and Third Avenue,2
"5th Avenue and 31st St., N.Y.",2
H. Batterman Co,2
Broadway - Brooklyn,2
music publishers,2
formal men's wear rental,2
music lessons,2
Counes' Quality Candies,2
"men's hats, shirts, and neckwear",2
3rd Ave. at 162d St.,2
beauty parlors,2
Between the Acts Little Cigar,2
Max Grab Fashion Co.,2
Easter Cards and Novelties,2
J. & M. Haffen Brewing,2
Bootz & Co.,2
"Some specialties, evening dress clothes, silk hats, canes, dress gloves from France. ",2
"furniture, carptes, rugs, beds and bedding",2
Melrose Ave. at 151st St.,2
"120th Street and Third Avenue; 177th Street and Webster Avenue, Bronx; 1st Street and 6th Avenue, Mount Vernon",2
"2908 Third Ave., Near Westchester Ave.",2
"J.H. Degelman, Inc.",2
"furniture, carpets, rugs, beds, and bedding",2
Hair Dressing,2
Fennell's Furniture,2
Gas Heaters & Radiators,2
"120th Street and Third Avenue; 177th Street and Webster Avenue, Bronx; 1st Street and Sixth Avenue, Mount Vernon",2
"Gothams and Bates Street, 149th Street and Third Avenue Areco Building",2
Strauss Magazine Theatre Program,2
"3414 3d Ave. At 166th St. ""L"" Station",2
"meats, poultry, groceries, diary, fish, delicatessen, vegetables, bakery",2
"writing papers, Kodaks, Fancy Goods, Toys, etc.",2
victrola,2
table water,2
"art stationery, engraving, greeting cards",2
gas lamps,2
"gowns, millinery, lingerie",2
automobile rental,2
Century Theatre,2
"Chicago, Ill.",2
Corsets & Gloves,2
Jewelry,2
"3414 Third Avenue At 166th Street ""L"" Station",2
Fleischman,2
"A-Re-Co Building, 149th Street and Third Avenue",2
mens' hats,2
Three Broadway Stores at Warren St. at 13th St. at 34th Street,2
costumes and chorus gowns,2
gas,2
Schnabel,2
lozenges,2
I. Miller,2
Whit-Bread English Ale & Stout,2
Park Laundry Co.,2
laundry machinery,2
"629 Sixth Avenue, Bet. 36th & 37th Sts.",2
Paris,2
Gas Lamps,2
Reisenweber's Cabaret,2
Columbus Circle  ,2
168 W. 23d St.,2
remedy for rheumatism,2
"clothing, furnishings, hats, shoes",2
malt extract,2
men's tailor,2
S & H Hand Power Vacuum Cleaner,2
"108-110-112-114 Wooster St., Bet. Prince and Spring Sts., New York",2
"A-Re-Co Building, 149th St. & 3rd Ave.",2
gloves,2
Furs,2
hair dye,2
Criterion Opera Cafe and Restaurant,2
"Furniture, carpets, rugs, beds, and bedding",2
chlorate tooth paste,2
"315 Fifth Avenue, cor. 32d Street, N. Y.",2
"598 Sixth Ave., 142 W. 125th St., 302 Columbus Ave, and 519-21 Fulton St. and 1416 Fulton St., Brooklyn",2
olive cream,2
Siedle Studios,2
brooklyn's pure food merchants,2
Whit-bread English Ale & Stout,2
"hair dressing and tinting, facial massaging, manicuring, shampooing, scalp treatments",2
P. W. Lambert & Co.,2
"64-66 Lispenard Street, New York",2
luminous automobile bags,2
New York,2
Kliegl Bros.,2
Properties,2
Schneider-Anderson Co.,2
spring water,2
"Steinway Hall 107 and 109 East 14th Street, New York",2
"506 Fifth Avenue, near 42nd Street, New York City",2
168 West 23d St.,2
cure for rheumatism,2
"Times Square, Broadway at 43d St.",2
Restaurant and Cabaret,2
Sohmer & Co. Warerooms,2
Three Broadway Stores at Warren St. at 13th St. at 34th St. New York,2
Horlick's ,2
non-acid mouth wash,2
Chocolates and Bonbons,2
230 and 232 Duffield St. near Fulton St.,2
facial rejuvenator,2
"19 W. 38th St., near Fifth Ave., Also B'way and 163rd St.",2
"315 Fifth Ave., cor. 32d st.",2
345 Greenwich Street New York,2
Hofbrau House,2
Lovera Havana Cigars,2
Times Square at 43d St.,2
women's costumes,2
Malted Milk,2
Men's & Boys' Clothing,2
"407-433 East 55th St., N. Y.",2
Smith Bros,2
Cammeyer Shoes,2
Weber and Fields Jubilee Company,2
Mason & Hamlin,2
"506 Fifth Avenue, Near 42 Street, New York  ",2
bouillon ,2
920 Broadway,2
Fulton St.,2
mouth wash,2
Pease Piano Company,2
128 W. 42d Street,2
Michaud's,2
"Times Square, Broadway, at 43d Street",2
"Warren St., 13th St., 34th St. New York",2
"39 West 33rd Street, New York",2
cookies,2
gum,2
"Dining, Cabaret, Dancing",2
"506 Sixth Ave., 142 W. 125th St., and 302 Columbus Ave.",2
Broadway--Brooklyn,2
roast meats,2
Mennen's,2
Elmsford Community,2
real estate auction,2
Scenery Painters,2
Elmsford,2
tires,2
New York / Baltimore,2
"""Ye Olde Watchman"" Whiskey",2
Scranton & Lehigh Coal Co.,2
308-310 Livingston Street,2
coal,2
Russell Uniform Company,2
player-pianos,2
Manhattan Opera House,2
Gotham Hosiery Shop,2
David Belais,2
No. 4711 White Rose Glycerine Soap,2
"Long Beach, L. I.",2
Western Union Money Transfer,2
advance ticket sales,2
Gotham Hosiery Shops,2
Charles A. Keene,2
"180 Broadway, New York",2
"518-520 Fulton St., Corner Hanover Place, Brooklyn, N. Y.",2
Bouillon Cubes,2
food,2
"738 Broadway, Jct. B'way, Graham and Flushing Aves.",2
"1431 Broadway, Brooklyn",2
"44 E. 23d Street, New York",2
Real Estate,2
Anola sugar wafers,2
Liebig,2
"San Francisco, California",2
exposition,2
M. B. Evens,2
gymnasium,2
Kleanwell Toothbrushes,2
Djer-Kiss,2
Smith Bros' Cough Drops,2
Strong Clothier,2
879 Broadway - One block from the Broadway Theatre,2
"Newark, N. J. ",2
"907 Broadway, opp. Broadway Theatre",2
H. C. Bohack,2
American Girls' Aid,2
"Laxative, headache powder",2
Phillips,2
"44 E. 23d Street, New York, NY",2
"50 Court St., near Borough Hall",2
126 West 42d St.,2
Sterling Pianos,2
Dress suits,2
Hair Dressing and Hair Goods,2
"126 West 42nd St., New York",2
"Diamonds, watches, cut glass, clocks, jewelry and silverware",2
Loan Brokers,2
Troubadour,2
Outfitters,2
Toupees,2
Jewelers and optometrists,2
"920 Broadway, three doors from Broadway Theatre",2
"108-14 Wooster St., N. Y.",2
cleaner,2
The Actors' Fund of America,2
Singer Sewing Machine Co.,2
sewing machines,2
douche,2
Phillips Cocoa,2
photographers,2
Steinway Pianos,2
Sohmer,2
shortbread,2
"5-7 Jefferson Street, cor. Broadway and Myrtle Ave.",2
981 Broadway,2
Mensch-Reisch Company,2
Photography Studio,2
"315 Fifth Avenue, cor. 32d Street, New York City",2
Spic & Span,2
897 Broadway - One block from Broadway Theatre,2
set painters,2
Safe deposit boxes,1
H. Robert Law  ,1
The House of Musical Novelties,1
1493 Broadway,1
George Booss,1
"294 Fifth Avenue, near 31st St., New York",1
Treasurers' Club of America,1
fund raiser for the Sick and Burial Fund,1
Peter Doelger First Prime Brewery,1
Rogers Peet & Co,1
Three Broadway stores at Warren St at 13th St. at 34th St. New York,1
specialty clothing,1
chocolate tokens,1
The N. Y. Calcium Co.,1
lighting effects,1
The Orange Company,1
The Seidle Studio,1
"Commercial and Fancy Stationery, Printing and Engraving",1
Schapiro's    ,1
milk choc. maraschino cherries,1
M. Harrer,1
program binders,1
"Third Ave. at 166th St. ""L"" Station ",1
Milk Choc. Fresh Pineapple,1
hotel and ca,1
Milk Chocolate Covered Fresh Fruits,1
Mme. Lubin,1
Madam Frances,1
Studio of Theo. Reisig,1
New York City    ,1
Seidel Studio,1
hats and gloves,1
restaur,1
G. Edelstein & co.,1
Hatters & Furnishers,1
Valentine,1
"386-388 East 152d Street, Bronx",1
J. Counes,1
Hardman Piano,1
The Bronx National BAnk,1
"Rent a box in our fire-proof and burglar-proof vault. / individual, firm, and corporate accounts",1
improves complexion,1
The American Talking Pictur Co.,1
"3370 Third Avenue, near 165th Street",1
Ladies' Tailor and Furrier,1
"3414 Third Ave. at 164th St. ""L"" Station",1
"149th St. & 3rd Ave., Areco Building",1
"2977 3rd ave., Bronx",1
high grade millinery,1
"29 Flatbush Av., 68-70 Court St.",1
eye-testing,1
herbal te,1
"149th Street and Third Avenue, next door to Bronx Theatre",1
J. M. Gidding and Dazian,1
Lichtenstein,1
M. Witmark & Sons,1
Carnegie Trust Co. and Northern Bank of N. Y.,1
sale of Morris Park Race Track,1
"Third Ave., at 166th St. ""L"" Station",1
Roth-Carnegie Company,1
modern costumes and hats,1
"shirts, hats, gloves",1
George Bernard,1
"3196 Third Avenue, near 161st Street, Bronx, New York",1
Whiskey in the Non-Refillable Bottle,1
Webber Markets,1
C/B,1
Hatters and Mens' Clothing,1
clothing and household articles,1
milk chocolate and fresh fruits,1
"120th Street and 3rd Ave., New York",1
The 10 Minute Smoke,1
"3370-72-74 Third Ave., near 166th St., and 138 So. 4th Ave., near 3rd St., Mt. Vernon",1
dance school,1
jewelry    ,1
"Amsterdam, Holland",1
The Cigaretette of the hour,1
BISCUIT,1
at Warren Street at 13th Street at 34th St.,1
Steinway,1
"407-433 E. 55th St., NY",1
gentlemen's evening garments,1
"carpets, rugs, beds and bedding",1
third avenue and 149th street,1
Christmas Candy,1
Loewy's ,1
Gas Radiators and Heaters,1
108 Wooster St. Bet. Spring and Prince Sts. New York City,1
208 Fifth Ave. New York,1
"2952 third Ave., near 152d St.",1
third Avenue Between 144th and 145th Streets,1
Hayden and Russell,1
"3rd Ave. and 145th Street, Broadway and 65th Street",1
mens' furnishings,1
"Manhattan, Bronx, Mt. Vernon",1
Food Department Store,1
C/B a la Spirite Corsets,1
Corsets,1
Laxative,1
"Clothing, Household Articles",1
411 East 149th Street,1
Epstetin and Berdy,1
shirts,1
"Stationery, Photo Supplies, Sporting Goods",1
Milk Chocolate Fresh Fruits,1
"baseball uniforms and supplies, sporting goods and hardware",1
"Courtland Avenue, Corner 148th Street",1
Home Appliances,1
"Commercial and Fancy Stationery, Sporting Goods, Kodaks, Toys, etc.",1
Assorted Choc. Bitter-Sweets,1
W. J. Kells Mfg. Co.,1
"531, 533, 535 West Forty-Fifth St., New York",1
"""Kells"" Radiator for automobiles",1
"Carpets, rugs, beds and bedding",1
hats and underwear,1
"5th Avenue and 31st st., N.Y",1
2977 - 3rd Ave. The Bronx,1
J H Degelman,1
"crepe paper, novelties, favors, games",1
409 Brodway,1
The T. B. McDonald Construction Co.,1
149th and Third Ave.,1
"149th St., West of Third Ave",1
Jandord & Steiner's,1
Dodge and Castle Studio,1
laxative,1
Third Ave and 149th Street,1
Cor. East 148th St. and Courtland Ave.,1
gas cylinder heaters and gas radiators,1
2973 Third Avenue Near 153d St.,1
"2977-3rd. Ave. Bronx, N.Y.",1
108-10-12-14 Wooster St. New York City.,1
skin c,1
2953 Third Ave.,1
Jewelers,1
3rd Ave and 149 S,1
S.E Cor. 124th St and Lexington Ave,1
Redfern,1
THE BRONX,1
men's and women's clothing,1
Department Store for Stationery and Toys,1
Fennell's ,1
gowns   ,1
water purification,1
Bryant Part Art and Stationery Shop,1
N. Y. Theatrical Managers,1
Annual Benefit of the Actors' Fund of America,1
J. C. Becker & Bro.,1
"Rosco Major, LaSalle Theatre",1
"203 Fifth Ave., New York",1
"149th Street and Third Avenue, Areco Building",1
N.Y. Theatrical Managers Annual Benefit,1
518 Willis Ave. near 148th St and Third Ave.,1
"Stationery, Kodaks, Photo Supplies, Toys",1
J. H Degelman,1
Football and Fall Athletic Goods,1
"Fifth Ave. and 31st St., N.Y.",1
"Evening Dress Clothes, Silk Hats, Canes, Dress Gloves from France",1
The New Brighton Theatre,1
"Brighton Beach, Coney Island, N. Y.",1
theatre  ,1
German Restaurant,1
"courtlandt Avenue, corner E. 148th St",1
"Flags and Bunting, Paper Decorations, Favors and Novelties, Patriotic Postals",1
Counes' Matinee Chocolates,1
Glasel & Co.,1
Madame Frances,1
household articles and clothing,1
108-114 Wooster st.,1
playbill binding,1
ladies' restaurant and gentlemen's cafe,1
Natioal Biscuit Company,1
"Fulton, High, and Liberty Sts. At Brooklyn Bridge Plaza, Brooklyn, N. Y.",1
Lee Lash Studio,1
Opera Comique Atelier,1
2908 Third Ave. Near Westchester Ave.,1
Mme. Clarice,1
Mints,1
Bound Theatre Programs,1
"Courtland Avenue, Corner East 148th Street",1
gas radiators and gas heaters,1
3906 Third Avenue near Westchester Avenue,1
"506 Fifth Avenue, Near 42 Street. New York City.",1
chocolates,1
Three Broadwy Stores at Warren St. at 13th St. at 34th St. New York,1
"149th Street, near 3rd Avenue",1
"hair dressing, facisl massage, hair goods, toilet articles",1
2904 Third Avenue Near Westchester Avenue,1
Furrier,1
Fleischman Roses,1
Florist,1
2148-2150 Third Avenue Bet. 117th and 118th Streets,1
"Candies, Chocolates and Bon-Bons",1
Hardman,1
Opera Cafe Restaurant Criterion Restaurant,1
"3370-72-74 Third Ave., bet. 165th and 166th Sts.; 138 South 4th Ave., Mt. Vernon, N.Y.",1
The Bronx National bank,1
Dave Dey,1
C. J. Countie & Co.,1
Magda Toilet Cream,1
"42nd St., near B'way",1
Hudson Construction Company,1
Farquharson & Wheelock,1
Publishing,1
beaber's Fur Shop,1
2148 and 2150 Third Avenue,1
"3370-72-74 Third Ave., bet. 165th and 166th Sts., and 138 So. 4th Ave., Mt. Vernon",1
"Third Ave. and 145th St., Broadway and 65th St.",1
Courtland Avenue and 148th Street,1
Madame Estella,1
Mme. Bacon,1
"chocolates, bonbons, ice cream soda and fancy dishes",1
Betweem the Acts,1
Clothes & Household Supplies,1
Mme. Schnabel,1
Gas-Heated Irons,1
"149th St., West of Thrid Ave.",1
publisher of Strauss Magazine Theatre Program,1
"177th Street and Webster Avenue, Bronx; 1st Street and 6th Avenue, Mount Vernon",1
food purveyor,1
"2977 3rd Ave., The Bronx, N. Y.",1
"Accounts, Depository",1
Specialist in Hair Goods,1
Cavanagh's ,1
Wallick's,1
"West 39th St., near Broadway",1
Orange,1
"West Thirty Ninth Street, Adjoining Casino Theatre, New York",1
"millinery, theatrical dressmaking",1
Broadway and 42d St.,1
Baked Goods,1
Broasway and 36th Street,1
Lew Field's Production,1
"motor wear, sporting goods, evening clothes",1
roof garden restaurant and dancing,1
"writing paper, leather goods, books, posters",1
Ernest Gros,1
Lighting,1
Edward Siedle,1
"2977-3rd Ave Bronx, N.Y.",1
"120th Street and Third Street; 177th Street and Webster Avenue, Bronx; 1st Street and Sixth Avenue, Mount Vernon",1
"5th Ave and 31st St., N.Y.",1
"149 St., West of Third Ave.",1
"Carperts, rugs, beds",1
Bronx,1
Store,1
Cash or Credit,1
and bedding,1
Thrid Avenue and 149th Street,1
When Furnishing Your Home Buy at,1
all goods marked in plain figures,1
Blumenstein's,1
fashion,1
bay-roma,1
409 broadway,1
druggist,1
Siede Fur Co.,1
"No. 4 West 37th Street, near Fifth Avenue",1
"315 Fifth Avenue, Cor. 32d St., N. Y",1
Bovim Bouillon Cubes ,1
ladies restaurant and gentlemen's cafe,1
"345 Greenwhich Street, New York",1
Hudson Trust Company ,1
39th St. at Broadway ,1
"Checking Accounts Solicited, Safe Deposit Vaults",1
"Bottling Dept., 407-433 East 55 St., New York",1
Beer ,1
"Sohmer and Co., Warerooms",1
"Hair Dressing and Tinting, Facial Massaging, Manicuring, Shampooing, Scalp Treatments",1
Motor Wear. Sporting Good. Evening Clothes.,1
Broadway &  30th St.,1
"Broadway, at 43d Street",1
288-290 West 23d Street,1
Wallics,1
"men and boys wear; clothing, furnishings, hats, shoes",1
"Warren St., at 13th St., at 34th St.",1
Chinese restaurant,1
Keely Institute,1
F & M Schaefer,1
A Simonson,1
Hair goods,1
Restaurant and Grill - Shellfish,1
shortbread biscuits,1
oculists,1
"358 9th St., Brooklyn",1
Joe's restaurant,1
"De Wolf, Wachner & Co.",1
Clothes and Household Items,1
Ballroom,1
Mme. Schnabel's Corset and Glove Maker,1
Corsets and Gloves,1
beauty p,1
The Diamond Rubber Co.,1
"Cor. Bedford and Putnam Aves., Brooklyn",1
service stations and tires,1
"""Beaunash""",1
fashion columnist,1
"315 Fifth Ave., cor 32d St",1
Orion's Confectionery,1
"920 Broadway, Three doors from Broadway Theatre; Branch--1390 Broadway. Opposite Shubert Theatre",1
Beer bottler,1
"Coats, House Dresses, Tea Gowns",1
Cafe and Grill Room,1
Watchman,1
gowns and costumes,1
arrowroot biscuits,1
pianos and player pianos,1
"407-433 East 56th St., N.Y.",1
hairdressing,1
Times Square - 42nd Street - Seventh Avenue,1
"630 8th Ave., bet. 40th and 41st streets",1
roast meets,1
598 Sixth Ave.,1
Tampa,1
427-433 E 55th St/. N. Y.,1
Hair Goods,1
"traveling suits, luggage",1
Mme. Freisinger ,1
Mme. Zimmerman,1
children's costumes,1
Sixth Avenue and 42d St,1
The Souful Sohmer Piano,1
Peter Doelger,1
"Three Broadway Stores at Warren St., at 13th St., at 34th St., New York",1
Scenery Builders,1
47 West 42 Street,1
"Three Broadway Stores at Warren St. at 18th St. at 34th Street, New York",1
Columbia Grafonola,1
sound reproduction,1
Unitt & Wickes,1
Hitchins,1
Susanne-Trowbridge,1
Shortbread cakes,1
Samuel Friedman,1
"Three Broadway Stores: at Warren St., at 13th St., at 34th St., New York",1
Edouard,1
"427-433 East 55th St., New York",1
Biscuits,1
"West 39th St., opp. Maxine Elliott's Theatre",1
Music Dealers,1
3 East 43d Street,1
Chinese Restaurant,1
41 Broadway,1
315 Fifth Ave. cor. 32d St.,1
The Far East Tea Gardens,1
"Columbus Circle - Broadway, cor. 59th St.",1
Sheet Music,1
6th Ave. & 20th St,1
"Brooklyn Bridge Plaza, Brooklyn, N. Y.",1
984 Broadway ,1
Platzer,1
T. B. McDonald ,1
John Brunton,1
Globe Electric Company,1
506 Fifth Avenue,1
toupee,1
Burnham's,1
Clam Bouillon,1
Suprema Waists,1
"Near 42 Street, 506 Fifth Ave.",1
"""The Casque"" hair piece",1
Teller's Broadway Theater,1
"506 Fifth Avenue, Near 42 Street, New York",1
Abraham and Strauss,1
caberet and dancing,1
"Broadway, 43rd-44th Streets",1
Piano Rolls,1
"Three Broadway Stores at Warren St. at 18th St. at 34th St., New York",1
Dinner Biscuits,1
Straus Campaign Committee,1
"Suite 410, Hotel Breslin, New York City, N. Y.",1
gubernatorial fund raising for Oscar S. Straus,1
"a la carte restaurant, cabaret",1
Dinner biscuit,1
The Sterling Piano Co. Manufacturers,1
Toothbrush,1
Sen Sen,1
losenges,1
grodery store,1
Kleanwell Toothbrush,1
Mrs. Stingley,1
Chicago,1
984 Broadway   ,1
Maternity Dress,1
Biscuit,1
Phillips Digestible Cocoa,1
Whisky,1
"407-433 E. 55th St., N. Y.",1
"315 Fifth Ave., co. 32d St.",1
cig,1
Costumes,1
Theodore Reisig,1
"518-520 Fulton St., Cor. Hanover Pl., B'klyn, N.Y.",1
pianos and phonograph records,1
"608 Sixth Avenue, New York",1
"Brooklyn, NY",1
Abraham & Straus,1
victrolas and phonograph records,1
Records and record players,1
Clothing and home goods,1
"506 Fifth Aven., New York",1
Hairdressers,1
Political Notice,1
digestion aid,1
SAM S. & LEE SHUBERT INC,1
National Biscuit,1
boys' and men's clothing,1
Arrowroot biscuits,1
Fritzi,1
the bride,1
Christine Nielsen,1
Celeste,1
the mother of the bridegroom,1
Dorothy Morton,1
Candide,1
the bride's youngest sister,1
Grace Emmons,1
"984 Broadway, cor. Vernon Avenue   ",1
"315 Fifth Ave, cor. 32d St",1
Toilet Powder,1
"407-433 East 55th Street, New York City",1
Whitbread,1
English Ale and Stout  ,1
"Putnam Division at 155th Street, N. Y.",1
Broadway at Warren St.,1
Clothes,1
Food ,1
Bootz,1
playbill advertising and publishing,1
Stanley's Cabaret,1
506 Fifth Avenue Near 42 Street New York City,1
Waw = Waw,1
155th Street,1
property auditons,1
"1741 Broadway, New York City",1
Wilson Distilling Co.,1
Strauss,1
Digestible cocoa,1
506 Fifth Avenue just above 42 Street,1
hair treatments and wigs,1
29 Flatbush Ave.,1
Vail Construction Co.,1
"gowns, millinery, and costumes",1
Chorus: Soldiers of the Czar,1
"Messrs. Archer, Burube, Enwright, Fields, Dickson, Kamp, Jones, Lafferty, McShane, Morrison, Karpe, Ross, Russell",1
Chorus: Ladies in Waiting,1
"Misses Caldwell, Clifford, Courtney, Evans, Fanning, Gordon, Gray, Lorraine, Markusson, May, Marshall, Melvin, Markert, Newell, O'Kane, Richmond, Talbott, Gildea, Vance",1
clothing and sporting goods,1
mouth and tooth wash,1
Pilgrim Mfg. Co.,1
El-Rado Hair Remover,1
Kalem Company,1
motion picture scenes from historical data,1
"DeWolfe, Wachner & Company",1
Algernon Giles,1
Max and Mahieu,1
Roosevelt & Schuyler,1
Ruinart Brut Champagne,1
cigarettes ,1
cameo biscuits,1
Roger Peets Company,1
American-made clothes,1
255-260 W. 23rd Street,1
"506 Fifth Avenue, above 42nd Street",1
Havana cigars,1
Sixth Avenue and 42nd Street,1
supplier of chorus and orchestra,1
costumes executed by Costuming Department under direction of N. Lanzilotti,1
Ten for a tin of ten,1
108-110-112-114 Wooster St. Bet. Prince and Spring Sts.,1
"920 Broadway, Three doors from Broadway Theatre; Branch - 1360 Broadway Opposite Shubert Theatre",1
Theatre Program Advertising,1
Strong: The Clothier,1
"407-423 E. 55th St., N. Y.",1
"73-75-77-79-81-73 Rockwell Place, Cor. Fulton St., opp. Orpheum Theatre",1
Dodge and Castle,1
"315 Fifth Avenue, cor. 32d St., N. Y.",1
"907 Broadway, Opp. this Theatre",1
"Broadway at Warren, at 13th St., at 34th St., and at 41st St.",1
Chin Lee,1
"S. E. Corner, 49th & Bway",1
"108-110-112-114 Wooster Street, New York",1
The Breakers and Hotel Nassau,1
"Atlantic City, N. J. and Long Beach, L. I.",1
Hotels,1
"25 West 45th St., New York City",1
Bath Salts,1
Stockings,1
"Broadway at 13th St., Broadway at Warren, Broadway at 34th St., Fifth Ave. at 41st St.",1
Sandwich Cookies,1
H. c. Luckenbach,1
"518-520 Fulton St., corner Hanover Place, Brooklyn, N. Y.",1
"984 Broadway, cor. Vernon Avenue, One block above Myrtle Ave. ""L""",1
The Reid Co.,1
"1084 Broadway, Brooklyn or 38 East Broadway, New York",1
"407-433 E 55th St., N. Y.",1
"920 Broadway, Three doors from Broadway Theatre; Branch - 1390 Broadway, Opposite Shubert Theatre",1
"5-7 Jefferson Street, One door from corner Broadway and Myrtle Avenue",1
"227-239 West 17th Street, New York City",1
"1495 Broadway, New York",1
376 East 150th Street near 150th Street Stage Entrance,1
Frank V. Stauss & Co.,1
"2908 Third Ave., near Westchester Ave.",1
149th Street and Third Avenue Areco Building,1
"2977 - 3rd Ave. Bronx, N.Y.",1
bla,1
medication,1
Reid's Ice Cream and Catering,1
food service,1
4th Ave. and 18th. St.,1
silk manufacturers,1
The Globe and Commerical Advertiser,1
newspaper,1
103 -114 Wocster St. New York City,1
Complete New Amsterdam Theatre (New York) Production,1
Madame Sherry,1
herbal laxative,1
Rudolph Wurlitzer company,1
Roger Peet Company,1
39th Street at Broadway,1
"Three Broadway stores - at Warren St, at 13th St., at 34th St. New York",1
The Berlin,1
cutains and draperies,1
Lion Brand Premium Depot,1
bric-a-brac,1
Gym,1
Malt Extract,1
Milliners and Dressmakers,1
"506 Fifth Avenue, between 42d & 43d Streets",1
E.J. Willis Co.,1
85 Chambers to 67 Reade Street,1
Automobile tires,1
Medical,1
E. J. Willis Co.,1
"85 Chambers to 67 Reade Street, New York City",1
"jewelry, precious stones, watches",1
"680 8th Ave., bet. 40th and 41st Streets",1
Scenery construction,1
68-70 Court St.,1
Sterling Piano Co,1
talc,1
Doris,1
sandwich,1
The Squaw Man,1
head wear,1
"face powder, rouge, cold cream, toiletries",1
D. Nusbaum & Co.,1
"347 Fifth Avenue, N. Y. City",1
sweathers and bathing suits,1
white rose glycerine soap,1
rest,1
T. M. & J. M. Fox,1
E. H. Fielding Co.,1
Leventritt (Inc.),1
Musical Director,1
M. P. Kruger,1
"108-111 Wooster St., Bet. Spring and Prince Sts., New York City",1
 playbill advertising,1
46-56 Flatbush Avenue,1
cleaning supplies,1
b eer,1
women's clothing,1
restaurant and performers,1
arrowroot biscuit,1
Val Schmitt's Hofbrau Haus Restaurant and Cafe,1
Ice cream,1
Jefferson Restaurant,1
International Exposition,1
S. Friedman & Co.,1
scenery builders,1
Altman & Co.,1
Wissner & Co.,1
"""U-Neek"" household spice rack",1
Hello,1
Cough drops,1
oyster and chop house,1
Winter engagements.,1
Banquet Hall and Meeting Rooms now open for fall and,1
"Business men's lunch 11.30 to 2.30, 50c., Cabaret",1
"A la carte, Table D'Hote, $1.00",1
"Phones: ENY 1897-1927, Now booking Balls, Banquets, Euchres, Etc.",1
"Dancing in our spacious ballroom, After theatre parties our specialty",1
"American and Chinese Dishes Served, Cabaret de Luxe in our Rathskeller",1
Chiclet's,1
Pianos/Victrolas,1
"407-433 E. 55th St., New York City",1
toilet powder,1
Chas. K. Harris,1
"Warerooms, 315 Fifth Ave., cor. 32d St.",1
Genuine Liebig Malt-Extract,1
malt extract beverage,1
Alfred H. Smith Company3,1
Anola biscuits,1
The Popular Motion Picture Co.,1
motion pictures,1
collection of clothing and bedding for war relief,1
"108 Wooster St., New York City Bet. Spring and Prince Sts.",1
Pianos and playerpianos,1
"French Line, Pier 57, North River, New York",1
workers,1
Schapiro's Toyland and Dolls' Hospital,1
"3410-12-14 third Ave., at 166th Street ""L"" Station",1
"Bakery, Restaurant and Lunch Room",1
"""U-Neek"" Household Spice Rack",1
"108-110-112-114 Wooster St., Bet Prince and Spring Sts., New York",1
"920 Broadway, Three doors from Broadway Theatre; Branch: 1390 Broadway, Opposite Shubert Theatre",1
"Newark, N. J.",1
U-Neek Spice Rack,1
"1301 Broadway Near the ""Berlin""",1
women's hats,1
Mehlin Pianos,1
"""herb laxative and regulator""",1
Ofran's Confectionery,1
The Buxbaum,1
C.C. Shayne and Co.,1
"coats, house dresses, tea gowns",1
Hotel and Restaurant,1
"A La Carte, Meals, Lunch, Delicious Delicatessen",1
Pianos and Player-Pianos,1
vacuum cleaner,1
digestive tea,1
"hair dressing, and tinting, facial massaging, manicuring, shampooing, scalp treatments",1
bottled beer,1
Emily Miles,1
Hazel Kirke,1
Harlequin,1
Signor A. Romeo,1
Pierrot de Willette,1
Bessie Clayton,1
Bouillon cubes,1
Cruises,1
Wilson Distilling  Co.,1
Arrowroot Wafers,1
The Wilson Distilling Co.,1
"New York, Baltimore",1
Ye Olde Watchman Whiskey,1
maternity,1
"108-14 Wooster St., Ny.Y.",1
"467-433 East 55th Street, New York",1
"1031 Broadway Near the ""Berlin"" ",1
"518-520 Fulton st, cor. Hanover Place, Brooklyn, N.Y.",1
used pianos,1
Chocolate,1
315 Fifth Avenue,1
Unitt & Wicks,1
scenery design,1
Monster Benefit to be given by the Vaudeville Profession,1
Mme. Julie,1
Doll and Sons,1
dining room,1
Levin Credit Co.,1
"1084 Broadway, Brooklyn, or 30 East Broadway, New York",1
outfitters,1
photos,1
Hoffman Bros. Jewelers and Optometrists,1
the Strong Clothier,1
The Holler Studio Photographters,1
dining,1
Cor. Fulton St. opp. Orpheum Theatre,1
"Park & Tilford, Acker, Merrall & Condit, Hegerman and Riker Drug Stores",1
Hahlo,1
Burton's New Cloth,1
fabrics,1
"H. P. Hanaford, Publishers",1
"1402 Broadway, New York City",1
"Book ""Who's Who in Music and Drama""",1
FIRE NOTICE,1
"Robert Adamson, Fire Commissioner",1
"518-520 Fulton St. Cor. Hanover Pl., Brooklyn, N. Y.",1
Pianos & Phonographs,1
Max & Mahleu,1
Hair dressing,1
Water,1
"230 and 232 Duffield St., Near Fulton St., Brooklyn, N. Y.",1
throat ease and breath perfume,1
Broadway Theatre,1
Chappell & Co.,1
"181-190 Chestnut Street, Newark, N. J.",1
player-piano rolls,1
Graham Ave. and Broadway,1
delicatessen,1
1431 Broadway,1
Lederkranz Cheese,1
738 Broadway and 755 Flushing,1
"315 Fifth Ave., corr 32d St",1
women's hygiene,1
NE Corner 25th Street and Lexington Avenue,1
The New York Lyceum Theatre Company,1
The Actors' Home,1
"West New Brighton, Staten Island, New York",1
retirement home,1
Orfan's confectionery,1
"1547 Broadway, corner 46th Street, New York City",1
charity organization,1
Bach & Conner,1
Bendel,1
Maison Maurice,1
laxitive tea,1
digestible cocoa,1
Miss C.A. Moore,1
style column,1
108-114 Wooster St. New York,1
beverage,1
household polish,1
879 Broadway - one block from Broadway Theatre,1
"518-520 Fulton St., cor. Hanover Place, Brooklyn, N.Y.",1
maternity cl,1
"Christine, Inc.",1
David Blais,1
Chrisdie,1
men's clothes,1
"Long Beach, Long Island",1
"Broadway at Warren St., 13th St., 34th St., and 41st St.",1
"Broadway at 13th St., Broadway at Warren, Broadway at 34th St., Fifth Ave. at 41st St. ""Four Convenient Corners""",1
Composite Derby,1
"920 Broadway, Three doors from Broadway Theatre; Branch--1390 Broadway; Opposite Shubert Theatre",1
bakery ,1
Sohmer Pianos,1
"315 Fifth Avenue, cor. 32d Street",1
hair care,1
chocolate,1
"858 Fulton St., Brooklyn, N.Y.",1
"108-110-112-114 Wooster St. Bet. Prince and Spring Sts., New York",1
cabs,1
extract,1
cream che,1
crackers,1
506 Fifth Avenue Near 42 Street New York Street,1
hairdressing and hair goods,1
"G. Schirmer, Inc.",1
music rights,1
Stein Building 1741 Broadway New York City,1
sporting goods  ,1
Maison Hourcatte,1
Beauty Parlor,1
Hoffman Bros. ,1
Jewlers and Optometrists,1
Pawn Broker,1
Household Cleaning Product,1
Silks,1
"41 E. 23d Street, New York",1
Whirling Spray Douche,1
Silk,1
Natonal Biscuit Company,1
Stultz & Bauer Pianos,1
"106-114 Wooster St., New York",1
Toothbrushes,1
toothbrushes,1
"Fulton, High and Liberty Sts. at Brooklyn Bridge Plaza Brooklyn, N.Y.",1
40-56 Flatbush Ave.,1
Corrects all Difficult Defects of Vision,1
household cleaning product,1
Hayden & Co.,1
The Red Rose (play),1
Organs,1
Phillips' Cocoa,1
furniture and carpets,1
Bovim,1
publishers,1
The Spendthrift (play),1
"Victor-Animatograph Co., Inc.",1
"Davenport, Iowa",1
motion picture machines and screens,1
Victor Talking Machine Co.,1
"Victor-Victrolas, records, and accessories",1
Joseph Physioc Studios,1
H. Robert Law Studios,1
"230 and 232 Duffield St. Near Fulton St. Brooklyn, N.Y.",1
pianos and playerpianos,1
45-51 Flatbush Ave. Near Fulton,1
Politics,1
Brooklyn,1
