,2036
Chorus,113
art student,41
William Collier,33
Fay Templeton,31
Helena Collier Garrick,31
of Capt. Dinglebender's Command,29
doing Europe on a circumscribed bargain counter letter of credit,28
his wife,28
Frankie Bailey,25
John T. Kelly,23
American college student,23
Peeress,22
Tennis Girl,22
Joe Weber,21
Jeremiah McCann,21
a reform politician,21
Tennis Boy,21
Josh Kidder,20
George Beban,20
Pattie Rose,20
promoter of the International Cabaret-Vaudeville Trust,19
Michael Dillpickle,19
Henri Montmarte,19
Troubadour,19
Tea Girl,19
Pierre Poisson,18
proprietor of a bankrupt Parisian cafe,18
Clorinda McCann,18
Adelaide Mason ,18
Toots Hornblower,18
Gertrude Moyer,18
in vaudeville,17
her father's daughter,17
Rosie,17
a footman,17
Bessie Clayton,17
soprano,17
Lillian Russell,16
Mrs. Wallingford Grafter,16
with Bohemian instincts and a talent for poker,16
Peachie Mullen,16
Posie,16
Joseph Torpey,16
Pierrot de Willette,16
Hazel Kirke,16
Elsa Reinhardt,16
"Small Town Chap, Village Cutup, Rural Police, Kiss Burglar, Wine Agent, Fiance, etc.",16
Little Fawn,16
Edna Chase,15
Eelen Bunshop,15
Tammas Biggar's past,15
Athletic Girl,15
Lieutenant Shapeleigh,14
Signor A. Romeo,14
Harlequin,14
Lew Fields,14
Ada Lewis,14
Tammas Biggar,14
"her ""feyther,"" with a past",14
Bunty Biggar,14
with a talent for management,14
Mr. Hugh Cameron,14
basso,14
tenor,14
student at K College,14
a female villain,13
Jimmy Louder,13
a near orphan,13
Celeste,13
"wife of Felix's twin brother, Francois",13
receiving at Mrs. Vandeveer's,13
"Grisette, Flower Girl, Clown, etc.",13
Madge Vincent,12
Dodge Chappelle,12
Bonavita Hagenbeck,12
Julius Schroeder,12
"one of ""The Wriggle Sisters in Vaudeville""",12
Grace Emmons,12
Candide,12
the bride's younger sister,12
Dorothy Morton,12
the mother of the bridegroom,12
Albert Busby,12
Major Vathek,12
an amateur warrior,12
Joseph Phillips,12
"Policemiss, Court Spectator, Laundry Patron, Suffragette",12
"Chappie, Artist, etc.",12
Fay Tincher,11
Aristide Lenuit,11
Susie Slimpson,11
Patricia Flynn,11
Herman Dinglebender,11
Dr. August Breeze,11
the town's most popular bachelor doctor,11
Fannie Hicks,11
another near orphan,11
Pauline Panhard,11
a prominent citizen of Lilydale,11
Hazel Allen,11
Lina Pipe,11
lieutenant of Excelsior Hose No. 1,11
Herman Bierheister,11
partner and financial guide to Rausmitt,11
Christine Nielsen,11
a farm hand,11
George Madison,11
Ignace,11
father of the bride,11
Fritzi,11
John Rogers,11
who assists Captain Josef,11
Dorothy Jardon,11
a gypsy,11
Edward Martindel,11
Mafta,11
"Fire Laddie, Court Messenger, Junior Pinkerton, White Wing, Suffragette, etc.",11
"Fire Lassie, Police Reporter, Court Stenographer, Laundress, Suffragette, etc.",11
"Tourist, Gendarme, Vivandiere, etc.",11
Henri ,10
Olive Carr,10
Rene Charpentier,10
"a political boss, and proprietor of Flynn's laundry",10
"chief of police, formerly a wig maker and hairdresser, and now running for sheriff on the Repubocrat ticket",10
Daly Bunn,10
proprietor of Bunn's stoneyard; monuments and headstones to order,10
Denman Maley,10
Webster Choate,10
"a young lawyer, running for district attorney on the Repubocrat ticket",10
Will Archie,10
Mr. Louder,10
only a husband,10
Pietro,10
Miss Ray Cox,10
Mrs. Daly Bunn,10
"Daly Bunn's second wife, a woman lawyer, running for mayor on the Super-Suffragette ticket",10
Mrs. Talkington Louder,10
"a local society leader devoted to ""the cause""",10
Bessie Clifford,10
Wistaria Bunn,10
Daly Bunn's daughter,10
Miss Artie Hall,10
Pearl White,10
a colored washlady temporarily in politics,10
Helen Hayes,10
Vera Finlay,10
a lady police captain,10
Maude Gray,10
Annie Key,10
a bold fire girlie,10
Daisy Copp,10
a dashing rounds-girl,10
Nan Brennan,10
Lotta Lipp,10
a ward leader,10
Iona Mann,10
the pride of the fire department,10
Harry Russell,10
Cutie Wriggle,10
Dopie Wriggle,10
Ponsonby,10
Sir J. Rufus Wallingford,10
a capitalist,10
his son,10
Charles Angelo,10
Szigetti,10
the bride,10
John McCloskey,10
Felix,10
the bridegroom,10
Arthur Cunningham,10
Captain Josef,10
who rudely interrupts one wedding,10
Aza,10
Basilie,10
Willie Barnett,10
an American tourist,10
Lieut. Johann,10
William Brandt,10
Lieutenant Niklas,10
Rose Barnet,10
Meyer Bockheister,9
Pierre Boulmiche,9
a boulevardier,9
his daughter,9
George W. Monroe,9
Jess Dandy,9
Joseph Santley,9
an indignant Italian,9
May Maloney,9
Fanchon Finnegan,9
Grace Gilbert,9
Cassie Meade,9
a recent addition to the British Peerage,9
Mr. Bobby North,9
Solomon Bumpski,9
an angel,9
Iona Carr,9
Blackie Daw,9
"Wallingford's former pal, but present foe",9
Cleopatra,9
who has been in cold storage for a matter of two thousand years,9
Hiney Rausmitt,9
a college boy,9
who composes the wedding anthem,9
L. Parmet,9
Drummer Boy,9
Fritzi von Busing,9
Lotta,9
keeper of a tavern,9
brigand and philanthropist,9
 a pupil at the Sherry School of Aesthetic Dancing,9
Albert Sackett,9
Manicure girl,9
Concert Hall girl,9
Wilhelm Blatz,8
Cornet,8
Edward Adams,8
Fred Sidney,8
Mr. Leslie Powers,8
Uffenduffer,8
Kenneth Ryan,8
Hermann Muff,8
May Tormey,8
Olga Harting,8
Miss Myrtle Gilbert,8
Miss Flo May,8
Mr. Max Rogers,8
Wilhelm Rausmitt,8
Clorinda Scribblem,8
"Wallingford's typewriter, with literary aspirations",8
"""formerly of the Lunch Counter Girl Company and now of the Peerage""",8
Harry Manleigh,8
a divinity student,8
Maid,8
John Crawford,8
Lieutenant Leo,8
Robert Fisher,8
baritone,8
Alice,8
pupil at the Sherry School of Aesthetic Dancing,8
An Officer,8
Hiram,7
Musketiere,7
Chauncey Nightingale,7
Al. Leech,7
Adelaide Mason,7
Mr. Harry Cooper,7
Miss Virginia Evans,7
Mr. Carter De Haven,7
Miss Christine Nielsen,7
Mr. William Montgomery,7
Gracia Hammond,7
Sally Daly,7
Celie Pink,7
Philip Sohlke,7
Mrs. Sam Watson,7
Samanthy,7
Henry Peck,7
a farmer; formerly the village barber,7
"one of Chloe's friends, who believe that the proper study of Womanhood is Man",7
Julian Eltinge,7
his nephew,6
her son,6
Emily Miles,6
Lilian Herlein,6
a dancer,6
Henri,6
a servant,6
Fred Roberts ,6
Mr. Byrd Goolsby,6
Miss Florence Moore,6
Weenie Wistaria,6
"of ""The Jolly Embalmers""",6
Ravioli,6
a boss barber,6
Corporal Oscar,6
Beth Summerville,6
"Rocky's college chum, who is taking a Postgraduate course in Feminology",6
Young cousin of the Queen,6
"one of Rocky's college chums, who is taking a Postgraduate course in Feminology",6
"a ""Little Fawn""",6
Edward Garvie,6
Lankton Wells,6
the college trainer,6
Gladys Feldman,6
his butler,6
Walter Regan,6
Keen Fitzpatrick,6
Doris Olsson,6
Helen Steele,6
"Waiter, Tourist, etc.",6
Smithsonian Sexette,6
Elise Hamilton,5
Himself,5
Soprano,5
Martha Dean,5
Pony Ballay,5
Marie Lauro,5
a guest,5
her daughter,5
"Billy ""Swede"" Hall",5
Silas,5
Henoria Peck,5
"Henry Peck's oldest daughter, brought up in the old fashioned way by her mother",5
Henrietta Peck,5
Henry's wife,5
Dr. I. Stall,5
Cranberry Cove's leading horse doctor,5
Henderson Peck,5
"Henry's son, who after a correspondence course at an engineering institute, is going to New York to solve the traffic problem",5
Verbena Peck,5
Henderson's newly wedded country bride,5
"Zowie, the Monarch of Mystery",5
"the third and last attraction of the season at the Cove's Temple of Amusement, Melodeon Hall",5
Pansy Marshmallow,5
Henolia Peck,5
"Henry's second daughter, brought up in the new fashioned way by her father, just home from Swellsley College",5
Ayer Castle,5
"a city real estate promoter, who has decided to turn Cranberry Cove into the summer metropolis of Briny Bluff",5
Henella Peck,5
"Henry's youngest daughter, who has run away to New York to bring herself up in the chorus under the name of Carmencita Tabasco",5
Montgomery Muggs,5
Major Manley,5
of the Salvation Army,5
Ermengarde,5
with the Lilliputian voice,5
Mlle. Twinkle Toes,5
one of the wedding dinner entertainers,5
Mr. Hilarion Ceballos,5
Miss Frances Ross,5
Mr. Lew Fields,5
Rufe,5
the village fiddler,5
Carl Copeland,5
Louisa Bartlett,5
Earl O. Schenck,5
Jane Millard,5
Martha Perkins,5
the gossip,5
James Galloway,5
member of The Village Choir,5
Mr. S. Nunziato,5
Martin DeLaney,5
a detective,5
Will J. Kennedy,5
Spaff Hyman,5
Anna Laughlin,5
Celia West,5
Louise Mink,5
Lethia Gray,5
Louise Burnett,5
Maisie Mannering,5
Lottie Lovedale,5
Capt. James Wynnegate,5
"his cousin, afterwards known as Jim Carston",5
George Schaeffer,5
Cowboy on Carston's ranch,5
Alice Wilson,5
Tim McMahon,5
Henry Thompson,5
Bill Fagan,5
Grace Barbour,5
Jane Wentworth,5
Amy Foster,5
Alison Skinner,5
Grace Buchanan,5
Belle of Hungary,5
Spring girl,5
Rev. Lewis Carroll,5
Vivian Tobin,5
Trombone,4
Jack  ,4
Pierre,4
the hotel detective,4
One of the Metropolitan Minstrels,4
Tenor,4
Paul Dietz,4
Christian Rub,4
Willy Frey,4
Hans Hansen,4
of the Royal Hussars,4
a maid,4
Gertrude Hoffmann,4
Bessie ,4
his child,4
Elise Hamilton ,4
Kathleen Neaves,4
Gladys,4
his sister,4
Jack,4
Lola Curtis,4
Ida Lenharr,4
Henry Bergman,4
American college students,4
Gladys Breston,4
Morris Bodington,4
Mabel Allen,4
Hugh Cameron,4
Harry Wilcox,4
Ethel Wheeler ,4
Mrs. Murgatoyd,4
"""Clarence's"" owner",4
Mr. Frank Whitman,4
Chorus Girl,4
A Dream,4
John Downer,4
Gertrude Meyer,4
Anna Moore,4
Squire Amasa Bartlett,4
David Bartlett,4
Ida Ellis,4
Kate Brewster,4
H. H. Forsman,4
Professor Sterling,4
their summer boarder,4
Frank Bell,4
Rube Whipple,4
the town constable,4
Seth Holcomb,4
George Wender,4
Dr. Wiggins,4
C. R. Middleton,4
Zeke,4
Cynthis,4
Miss A. Baroni,4
Mr. V. Navarrini,4
contralto,4
Mme. A. De Vien,4
Purnell B. Pratt,4
who assist Captain Josef,4
"Chloe's friend, who believes that the proper study of Womankind is Man",4
Arthur McWatters,4
Fred West,4
Grace Tyson,4
Helen West,4
Sallie Stembler,4
the cook,4
Albert Hart,4
Professor Ivory,4
Junie McCree,4
Lawrence McManus,4
Bobby Barry,4
Jack North,4
"""Athletic Girl""",4
Margaret Taylor,4
Gaston,4
Village child,4
of the crew,4
James Spottswood,4
Tuthill Leffingwell,4
a Freshman,4
James E. Sullivan,4
Nick Bulgler,4
Jean Morrell,4
Ethel Ethridge,4
Blanche Babbitt,4
Harriet Halford,4
Dorothy Landers,4
Nellie Northrup,4
Miss Hazel Allen,4
Miss Ethel Wheeler,4
a Nihilist,4
Receiving at Mrs. Vandeveer's,4
Irene,4
Willis Browne,4
Flower Girl,4
Indian,4
Julia Hoyt,4
Diana,4
"his wife, Countess of Kerhill",4
Elizabeth Bellairs,4
Lady Mabel Wynnegate,4
William Faversham,4
H. Cooper Cliffe,4
Malcolm Petrie,4
his solicitor,4
Bates ,4
Burr McIntosh,4
Big Bill,4
Riley Hatch,4
Tab-y-wana,4
peace chief of the Utes,4
Frank Martins,4
Clark,4
Curley Judge,4
Punk,4
a Chinaman,4
Harold Salter,4
Baco White,4
Member of The Jury,4
Mr. Louis Silvey,4
Sailor,4
Mrs. Charlotte Wade Daniels,4
Stenographer,4
Thomas F. Tracey,4
John W. Cannell,4
"Henry Miller, Jr.",4
Henry Tracey,4
Sidney Parker,4
Daisy Adamy,4
Mrs. John W. Cannell,4
Frederick Wallace,4
"""Chesty"" Sanborn",4
George Abbott,4
"""Babe Merrill""",4
Frank Sylvester,4
Boney,4
Henry Stockbridge,4
Stephen Weatherbee,4
Mr. Faraday's daughter,4
Herbert Ayling,4
a Model,4
A Mendicant,4
William Handel,4
Hossein,4
Blanche Bates,4
Frank Stirling,4
Bernice Golden,4
White Queen,4
his friend,3
Jules Unger,3
The Chauffeur,3
Rigoletto,3
Laura,3
Maude Leslie,3
Louis Praetorius,3
Selma Weber,3
Willy Wahl,3
Rudi Rahe,3
"vom Corps ""Sachsen""",3
Heinrich Marlow,3
Julia Carle,3
The Woman,3
the doctor,3
Marie,3
Guest at the Dinner,3
Harry M. Smith,3
Mabel Woodrow,3
Chas. Edwards,3
Jimmy Casson,3
Betty Bond,3
Fannie Morse,3
Jack Devreaux,3
The Man,3
Herbert Warren,3
Valerie Bergere,3
Effie Bordine,3
Michael ,3
Lillian Herlein,3
Genevieve Cliff,3
Berton Churchill,3
Julie,3
Hermine Shone,3
May Willard,3
Vera Olcott,3
Flora Russell,3
James F. Dolan,3
Jessie Busley,3
Gertie O'Connor,3
Mr. George W. Monroe,3
"Joseph Herbert, Jr.",3
Raymond Hitchcock,3
Jack Henderson,3
Lora Lieb,3
Eleanor Lawson,3
an artist,3
Margie Cogan,3
Charles Miller,3
Neinda Snow,3
Lillian Elliot,3
Ruth Hanson,3
Patrick Walsh,3
Mr. MacGregor,3
an aged farmer,3
Mr. Haggis,3
a shop-keeper,3
Sam Watson,3
Charles Mitchell,3
Charles King ,3
Joseph Kane,3
Irene Castle,3
Marjorie Blythe,3
Rosalie Ceballos,3
Henry Norman,3
another nurse,3
Joseph Allenton,3
Dennis Brothers,3
Nobody,3
Truth,3
Of Capt. Dinglebender's Command,3
Mr. Julius Schroeder,3
Mr. Harry Russell,3
Beatrice Capulet,3
Salina,3
the wife,3
Mr. Will Archie,3
Blanche Shirley,3
their niece,3
C. H. Carlton,3
Hi Holler,3
their chore boy,3
Sam,3
Jesse Thorn,3
Alice Evartson,3
Dorcas,3
M'liss Merrill,3
Priscilla,3
Elfrida Wagner,3
Mr. T. Kittay,3
Mr. G. De Carli,3
Mr. G. Mauro,3
Mme. A. Frery,3
James B. Carson,3
Shirley Burns,3
a lady sleuth from San Francisco,3
a stenographer,3
Lucille,3
a waiter,3
William Welp,3
McGinnis,3
Robert Hilliard,3
Louis La Bey,3
Arthur Shaw,3
"""Joe"" Manning",3
William Soames,3
"""Bob"" Vincent",3
Kayton's dictograph operator,3
William T. Clark,3
Daniel Colt,3
Andy   ,3
Detective,3
Carrie Beverly,3
Katheryn Beach,3
Ann,3
Chauncey Olcott,3
Charles Wellesly,3
Warren Fairchild,3
Robert V. Ferguson,3
Sandy McNabb,3
F. Gatenby Bell,3
Will Dorkins,3
Jennie Lamont,3
an art student,3
Edith Taliaferro,3
Hayward Ginn,3
Daniel Lawler,3
Edmund Farley,3
secretary to Sir Thomas,3
Marie Quinn,3
Kathleen Mulhall,3
Lou Ripley,3
Mrs. Bridget Muldoody,3
Lisle Bloodgood,3
Mary Burke,3
David Montgomery,3
Archibald Hawkins,3
Young Lady from Miss Beeley's School,3
Gilbert Douglas,3
Oswald Wentworth,3
a Sophomore,3
Charles W. Butler,3
Rev. Wilbur Watts,3
the college chaplain,3
Frank Wentworth,3
John Wilson,3
a 'bus driver,3
Carrie E. Perkins,3
Mrs. Leffingwell,3
Winona Winter,3
Margaret Leffingwell,3
June Mathis,3
Tessie Danforth,3
a romp,3
Louise Orth,3
Ivy Tracy,3
clinging vine,3
Mrs. Monte,3
the Fascinating Widow,3
Miss Jessie Busley,3
Miss Louise Carver,3
Mr. Thomas Murray,3
Mr. Charles Mitchell,3
Mr. Vernon Castle,3
Miss Elizabeth Brice,3
Mr. Charles King,3
Miss Blossom Seeley,3
Mr. Fred Roberts,3
Mr. Joseph Kane,3
Marie Caldwell,3
Harry Turpin,3
Etienne Grandet,3
son of the Lieutenant-Governor,3
Marian Lee,3
Adah,3
a Quadroon Slave,3
Irene Cassina,3
a small Casket Girl,3
T. Reynolds,3
Pirate,3
Knife Grinder,3
Peter,3
Edward R. Mawson,3
J. Malcom Dunn,3
Henry Wynnegate,3
Earl of Kerhill,3
Winifred Harris,3
Lady Elizabeth Wynnegate,3
Frank Hollins,3
Sir John Applegate,3
Diana's cousin,3
foreman of Carston's ranch,3
Bertram A. Marburgh,3
Bernard Durkin,3
Little Hal,3
William Frederic,3
Bud Hardy,3
county sheriff,3
Harry Hanlon,3
Pete  ,3
a cowboy,3
Frank Lyon,3
Parson,3
Chauncey Causland,3
McSorley,3
engineer of the Overland Limited,3
Murray Darcy,3
Parker   ,3
conductor of the Overland Limited,3
Edmund Soraghan,3
"barkeeper of ""The Long Horn Saloon""",3
Girlie,3
Chorus member,3
Dorothy Cameron,3
Miss Chinning,3
The Jury,3
Hectar,3
"head steward on the yacht ""Yvonne""",3
Billy,3
A Guest,3
Mr. A. G. Pyke,3
Billie Frances,3
Florence Brevoort,3
Mr. Victor Browne,3
Miss Minna Phillips,3
Lewis S. Stone,3
Jack Craigen,3
Walter Horton,3
Smith,3
Gerard Mordaunt,3
Cynthia Mordaunt,3
Forrest Winant,3
Lionel Adams,3
Trooper,3
Agnes Marc,3
Lee Kohlmar,3
Jake Rothschild,3
Rose Stahl,3
Expressman,3
Princess Bozena,3
Mr. Ben Hendricks,3
Prince Nepomuk,3
Robert Edeson,3
a Bedouin,3
Abraham Seror,3
Water Seller,3
Harry McCullom,3
Jazeer,3
Myrza,3
a Syrian girl,3
Dr. Hilbert,3
in charge of the American Mission,3
the Governor's aid,3
Roxana Clayton,3
Alfred Donohoe,3
Fred W. Permain,3
Geoffrey Stein,3
Walter Kingsford,3
Winifred Hanley,3
Foxhall Daingerfield,3
Student at K College,3
Willard Louis,3
James Wilson,3
Tom Harbison,3
a burglar,3
Marie Haynes,3
Aunt Selina,3
Carl Harbough,3
Esther Van Eyting,2
Robert T. Haines,2
Seth Dewberry (Himself),2
Mr. Ed. F. Reynard,2
Master Gabriel,2
Little Kick,2
Al. Lamar,2
Mr. Adair,2
Carmen,2
"in ""Carmen""",2
Escamillo,2
Leonora,2
Baritone ,2
Cello,2
Bones,2
Tambo,2
Interlocutor,2
Valerie Serice,2
Jean Campbell,2
the lassie,2
Ward de Wolf,2
Sandy MacPherson,2
the laddie,2
John C. Rice,2
Isidor Fitzpatrick,2
Charles Dale,2
The New Teacher,2
"""Whip"" Fogarty",2
Chick Hewes,2
hotel thief,2
"Performer in ""Attorneys""",2
Contralto,2
A Butler,2
Lee Smith,2
The Boy Scrooge,2
Mrs. Cratchit,2
H. Von Tilzer,2
Martha,2
Lina Haenseler,2
seine Schwester,2
Klara,2
dessen Frau,2
Rudolf Christians,2
Marie Kierschner,2
Heinrich Matthaes,2
Kathie,2
Otto Stoeckel,2
Annie Simson,2
Auguste Burmester,2
Heinrich Falk,2
Ernst Robert,2
Rudolph Aicher,2
Marie Kirschner,2
Louise,2
Grete Meyer,2
Ernst Holznagel,2
William Heidloff,2
Color Sergeant,2
Annette,2
American Vivandiere,2
Eva Taylor,2
Dancing Adonis,2
Louise Galloway,2
Robert Sanford,2
the widow,2
alto ,2
The Pink Lady,2
Lee Chapin,2
Olga Zalceff,2
May Hopkins ,2
Joseph H. Woodward,2
an actor,2
Marie Wayne,2
Emmet Brisco,2
Hotel Clerk,2
Mrs. Gardner Crane,2
Gardner Crane,2
A. Lemon,2
Thomas  ,2
Harriet Rempel,2
Walter Woodall,2
The Girl  ,2
Martin ,2
the butler,2
Katharine Kavanaugh,2
Al Leech,2
American College Students,2
Cornet Soloist,2
Arthur Black,2
Euphoneum,2
Paul M. Brown,2
Monster Tuba,2
Wm. Hlavac,2
Jim Briggs,2
a Broker,2
Jack Monroe,2
Daisy Moore,2
Jane Monroe,2
Tom's wife,2
Mr. Crane,2
Twin Brothers,2
Edith Speare,2
Edna Ross,2
one of the elopers,2
Toinette,2
Senator Henry Joseph Hallenberg,2
Harry Smith,2
O Chicka San,2
Madam Darling,2
(Short play),2
Performer of Overture,2
Hal Davis,2
Sara Lewis,2
Mrs. Henry Bull,2
Inez Macauley,2
Mary Butts,2
James M. Brophy,2
full of business,2
Hector,2
his assistant,2
"""Spareribs""",2
Lewis B. Madden,2
Peter Clancy,2
Teresa Allen,2
Ralph Remley,2
Ruxton St. Clair,2
Ye Prologue,2
Wm. H. Turner,2
W. H. Barry,2
Gus Edwards,2
Pierrette,2
Le Baron,2
Odette's protector,2
Liane,2
Odette,2
an adventuress,2
Joe Wolf,2
Hardly Able,2
Arthur Hoops,2
A Visitor,2
Walter D. Nealand,2
A Crook,2
Sterling Cheseldine,2
An Official,2
The Servant,2
Gabrielle,2
Jane Hood,2
Member of the Smithonian Sextette,2
Clara Lloyd,2
Frederick Macklyn,2
Jordan King,2
Rosalind Coghlan,2
Violet Granger,2
John Wray,2
Count Boni de Gaumont,2
Sousa,2
Lillian Whiting,2
Helen Wilton,2
Carolyn Hall,2
Mary Kendall,2
March,2
Bernard Woods,2
a student,2
Jack Dean,2
a brainless chauffeur,2
Ollie Woods,2
Ollie,2
a fair co-ed,2
Mme. De Shane,2
Hugh Mack,2
the patient,2
Dr. Whitney,2
Sarah Dawson,2
the head nurse,2
Nurse,2
Billie De Hon,2
Jack Rice,2
"Sally Daly, Ruth Hanson, Zoe Brown, Belle Snow, Grace Russell, Eva Burnett, Gertie O'Connor, Lillian Elliot, Isabella Burnside, Gertie Hudson",2
Tennis Girls,2
Daisy Rudd,2
Diane Oste,2
Mr. Jess Dandy,2
Anna Orr,2
Vivian,2
Margaret Poir,2
Fred Mason Emerson,2
Hiram Sharp,2
representing a committee of creditors,2
Phil Faraday,2
Doctor Arbutus Budd,2
Gertrude Aldrich,2
Miss Montmorency,2
Edward Metcalfe,2
Garibaldi Panatella,2
landlord of the inn,2
George Romain,2
Caramba Maldanado,2
a Corsican duelist,2
Gertrude Barnard,2
The Souvenir Girl,2
George E. Mack,2
a seminary girl,2
Louis J. Winsch,2
Robert Lemon,2
who chanced to be there,2
Charles Withers,2
Ralph Marthy,2
Ezra Engle,2
bent by a mortgage,2
Jack Barrington,2
who means no good,2
Robert N. Downing,2
Stoker,2
a tool of Barrington,2
Tip Cotton,2
Buffalo May,2
W. J. McCarthy,2
Yvette,2
Stewart Baird,2
Harrison Dana,2
Mr. Percy Weller,2
Victor Bozart,2
Joe Rogers,2
Jay Melville,2
Gertie Hudson,2
Belle Snow,2
Halle Crouse,2
Viola Williams,2
William Montgomery,2
Carter De Haven,2
Virginia Evans,2
Florence Moore,2
Harry Cooper,2
Max Rogers,2
Bobby North,2
Flo May,2
Myrtle Gilbert,2
Abashie,2
Ole Lawson,2
a Swede lumberjack,2
Jennie Colburn,2
Cora Baxter,2
a New York chorus girl; Bud's sister,2
Horace Weston,2
Hank Scoggins,2
a rube bell-boy,2
Frank Watson,2
Achelous,2
her attendant,2
Jean Adair,2
Mrs. Joel Dixon,2
Gab Biggar,2
"her ""brither,"" a Dewar bairn",2
Weelum Grunt,2
"her ""braw laddie""",2
Susie Slimson,2
Teenie,2
her niece,2
janitor of the town hall,2
villager,2
Louise Carver,2
Thomas Murray,2
Vernon Castle,2
Frances Ross,2
Elizabeth Brice,2
Blossom Seeley,2
Miss Billee Cuppia,2
Wood Goebel,2
Donald Archer,2
Frances Merivale,2
Mazie Mapleson,2
who lisps,2
Ethel Shaw,2
Rose Darling,2
Blanche Walsh,2
Countess Nadine,2
Theodore Babcock,2
Colonel Aliesky,2
twin bud,2
Plantagenet O'Toole,2
"some ""vil""",2
Frank Sherlock,2
George Benn,2
an ex-boatswain,2
Betty Swartz,2
(The Maid),2
Billy Weeks,2
Doncairo,2
a smuggler,2
Farsquita,2
Kings of Aerial Revolving Ladder,2
Bison City Four,2
Arline Sheide,2
Stella,2
"""Missie"" Flo May",2
Judge Shelby,2
Jefferson Jackson Monroe ,2
"from ""Souf"" Carolina",2
Miss Urat,2
Lucille Grey,2
Edw. Blondell,2
Ruben Plump,2
Edna Whistler,2
Elmer Grandin,2
Helene Davis,2
Youth,2
Policeman,2
Servant,2
Everywoman's companion,2
Beauty,2
Vera Light,2
a show girl of the Sun Dodgers Coterie,2
Officer Muldoon,2
Miss Nan Brennan,2
Violet Shaw,2
Mr. Denman Maley,2
Mr. Kenneth Ryan,2
Miss Elsa Reinhardt,2
Leona Bitter,2
Old Man Buker,2
Madeline Delmar,2
Hazel Weston,2
with no place to lay her head,2
Tom Dunn,2
First Shoveler,2
Charles Wyngate,2
Paul Winthrope,2
Irene Enright,2
Gamble,2
Bertie Bluffington,2
the cause    ,2
Miss Helena Aynsleigh,2
Miss Grace Menken,2
Gwen Dubary,2
Mr. Edward Adams,2
Arthur Astill,2
The Whistling Plough Boy,2
Six Musical Cuttys,2
America's Noted Musical Family,2
Nana,2
Glenn Anders,2
Lenox Sanderson,2
the city man,2
Edna Selwyn,2
Amelia,2
Evelyn Jones,2
Frank Muller,2
Hank,2
Alfred Borneman,2
Eben,2
Sam ,2
Gilda,2
Duca di Mantova,2
Lucia,2
Edgard,2
Lord Husten,2
Mr. F. Puliti,2
Lord Artur,2
Raimond,2
Gioconda,2
Mr. E. Ceccott,2
Almaviva,2
Alvise,2
Mme. F. Monti,2
Jacob Kaufman,2
"proprietor of the Kaufman Cloak and Suit Co., New York",2
Stewart Jackson,2
Ted Morgan,2
"buyer for the San Francisco firm of Marshall, Taylor & Co.",2
Eleanor Sutter,2
Ruth Crane,2
a runaway heiress from San Francisco,2
Dorothea Sadlier,2
Ada Baldwin,2
Helen Meher,2
Lisping Girl,2
Grace Hall,2
Suffragette Girl,2
Venita Fitzhugh,2
Princess Stephanie,2
Carrie Burke,2
Grant Mitchell,2
James C. Marlowe,2
"""Andy"" Dempsey",2
landlord of the Palace Hotel,2
Frederick Seaton,2
G. W. Battles,2
the richest man in town,2
Clint Harkins,2
"reporter on the ""Blade""",2
Si Jinks,2
Abe Gunther,2
the 'bus driver,2
Carolyn Gordon,2
Bessie Meers,2
the head waitress,2
Wm. H. Boyd,2
"Horace Daw (""Blackie"")",2
Wallingford's pal,2
S. Sasaki,2
Wallingford's valet,2
Hale Hamilton,2
J. Rufus Wallingford,2
a get-rich-quick man,2
Daniel Sullivan,2
Henry Quigg,2
coal and ice magnate,2
Fletcher Harvey,2
E. B. Lott,2
of the Midland Valley lines,2
a brigand and philanthropist,2
E. F. Taylor,2
Hal Frost,2
Bessie Cottrell,2
Else Dorset,2
Lieutenant Francois,2
Karl Steindler,2
with General Chambert's staff,2
Marie Serini,2
Gimblette,2
Criquet I.'s sister,2
Lizzie Eckert,2
Clarisse,2
Gimblette's maid,2
Ernst Naumann,2
August Meyer-Eigen,2
Ernst Werner,2
Lieschen Schumann,2
Heloise,2
cabaret singer,2
Grete von Mayhof,2
Helen Pomponet,2
a cabaret singer,2
Hans Dobers-Kissling,2
Dora Bregowska,2
Madame Benoit,2
Otto Meyer,2
Professor Benoit,2
Jacob Brust,2
Maurice Beauchamp,2
hotelkeeper,2
Marie Werner,2
Germaine,2
Ice Cream,2
Basille,2
Franklyn Farnum,2
Rocky Rixon,2
cousin of Gettaway,2
Burton Lenihan,2
Helene W. Davis,2
Hebe,2
Edith Warren,2
Rilda,2
Rita Bellaire,2
Susie McChroan,2
Penelope,2
H. R. Haskell,2
Tommy Wade,2
Maxwell Kennedy,2
Jimmy Parker,2
Richard Hall,2
Larry Deane,2
Dick Stewart,2
Charlie Hunt,2
Mabel Callon,2
Mo Mo,2
Perry Alvarez,2
Bo Bo,2
Ednah Bernard,2
Edith Thayer,2
The Messenger of Dawn,2
Melville Anderson,2
a young cousin of the Queen,2
Florida Bellaire,2
"Messrs. Doolan, Cryan, Lovie, Sachs, McCormack, Jackson, Landres, Rubinroff, Edward, Gold, Cardero, Pendergast, Reese, Brunner, Wilson, Nathan, Scott, Cody, Long, Drees, Rose, Bogart, Deem",2
Soldiers,2
Thomas Hardie,2
Fred. Waelder,2
Don Ramon Casava,2
Crown Governor of Guam,2
Asche Kayton (Never Sleep Kayton),2
Head of the Kayton Detective Agency,2
Walter Thomas,2
Bruce Argyle,2
Edwin Holland,2
Albert Bruning,2
Dr. Frederick Kreisler,2
Augustus Leischmann,2
a Government expert,2
Charles Foster,2
Olive Reeves,2
Nancy Thornton,2
Bruce's fiancee,2
Ralph Theadore,2
Samuel Cortwright,2
John J. Pierson,2
Thomas Nash,2
Thomas Horton,2
"""Jim"" Baynes",2
Thomas J. MacMahon,2
Findley,2
one of Kayton's dictograph operators,2
a counterfeiter,2
Frances Alaine,2
Betty Scott,2
Billie West,2
Lea LeLand,2
Cecile Mayo,2
Sir Brian Fitzgerald,2
Carroll Daly,2
George Brennan,2
Dinny O'Mara,2
Edmund Shalet,2
A Bookmaker,2
Katherine Clarendon,2
Patricia Boyer,2
Mrs. Boyer,2
Carolyne McLean,2
Gwendolyn Fairchild,2
Ilka Marie Diehl,2
Lady Dorothy Hammond,2
Sadie Berger,2
an American college student,2
Howard W. Marsh,2
Laczi,2
Billie Busch,2
Klari,2
Postman,2
Eliza Glassford,2
Jane Sawyer,2
Rebecca's maiden aunt,2
Ada Deaves,2
Mrs. Perkins,2
Viola Fortescue,2
Mrs. Simpson,2
Rebecca Rowena Randall,2
Leila Frost,2
Emma Jane Perkins,2
Archie Boyd,2
Jeremiah Cobb,2
village stage-driver,2
Sam Coit,2
Abner Simpson,2
Adam Ladd,2
"(""Mr. Aladdin"")",2
Isabelle Lowe,2
June,2
Eugene Weber,2
John Hale,2
engineer at the Gap,2
Uncle Billy,2
Miss Eva Benton,2
Old Hun,2
Marguerite Abbott,2
Loretty Tolliver,2
Dave's sister,2
Barrett Greenwood,2
Cal Heaton,2
Loretty's beau,2
The Wife,2
S. L. Richardson,2
The Secretary,2
Ethel von Waldron,2
Lady Constance Butler,2
Elizabeth Paige,2
Lady Elizabeth Connolly,2
Fred A. Stone,2
Henry Clay Baxter,2
his manager,2
Edna Bates,2
Diana Bristow,2
another niece,2
Flossie Hope,2
Gustina Jimpson,2
a Swedish maid,2
Lieut. Otto Von Up de Graft,2
an aviator,2
Howard Dyott,2
W. Darrell Gimpley,2
a self-confessed genius,2
another Suffragette,2
Jane Sheridan,2
Gwendolin Hemenway,2
Evelyn Carroll,2
Florence Etherington,2
Fred Emerson,2
Jubal Dunkbury,2
sheriff  ,2
Fred Perrine,2
Mons. De Vaux,2
a wire walker,2
Peggy Preston,2
A Vision,2
Mortimer,2
Dorothy Bertrand,2
Richard Taber,2
Jack Sharpe,2
Edna Hunter,2
Loraine,2
Jefferson De Angelis,2
Pinkerton Kerr,2
"the wireless operator, Mona Island",2
J. W. Wilson,2
Cockeye Morgan,2
Nadine,2
the Pearl Maiden,2
Daisy Leon,2
Alfonse,2
"Kaliko's ""chef""",2
Middie,2
Fritz,2
College Chum of Elinor,2
Louise Groody,2
Priscilla Hubbard,2
Irene Fenwick,2
Ruth Ambrose,2
Edgar Nelson,2
Oscar Dunn,2
Bunny Girl,2
John Bunny,2
matron of the Girls' Dormitory at K,2
Dorothy Wilcox,2
Rholla Rollins,2
Natalie Seymour,2
Cissie Cyril,2
Hal Blake,2
a Junior at K,2
Marie Baxter,2
Bessie Bothwell,2
Mr. Sam Watson,2
Miss Marjorie Blythe,2
Miss Adelaide Mason,2
Miss Rosalie Ceballos,2
Miss Harriet Leidy,2
Miriam Sanford,2
Fannie Bradshaw,2
Launcelot Gaggs,2
Fred Roberts,2
relative of Butts by marriage,2
Stanley Fields,2
Kirglig,2
Ralph Harlowe,2
Martin Enwright,2
Poney Cantor,2
Chambermaid,2
Lady of the Court,2
Imperial Body Guard,2
Charles Brown ,2
Duke of Branford,2
George O'Donnell,2
Col. Vandeveer,2
Annabel Vandeveer,2
Dorothy Maynard,2
Geraldine Pompton,2
Mary Smith,2
Nellie Brown,2
J. Kern,2
Gawkins,2
Amy Russell,2
Neomi Sumers,2
Irma Bertrand,2
Beatrice,2
James Yuncu,2
First Glassblower,2
George Wilson,2
A Batchman,2
Julia Bruns,2
Helen,2
Nellie Could,2
Veronica,2
Marie Dolber,2
Mabel,2
Carrie Lauders,2
Henry Taylor,2
Captain Richard Warrington,2
an American known as Captain Dick,2
William W. Black,2
Lieutenant-Governor Grandet,2
Florenze,2
secretary to Lieutenant-Governor,2
Harriet Marlotte,2
Lizette,2
a Casket Girl,2
Vera De Rosa,2
Elizabeth Keenan,2
Nanette,2
E. Tiernauer,2
East Indian,2
David Klein,2
Night Watchman,2
David Torrence,2
Wm. Steinway Lavine,2
A Waiter,2
Boglosky,2
Emmett Shackleford,2
Shorty,2
Josephine Royle,2
Nat-U-Ritch,2
Willard Robertson,2
Cash Hawkins,2
Herbert Ashton,2
Grouchy,2
a cowboy on Carston's Ranch,2
Richard F. Freeman,2
Mr. A. Mutt,2
William Naughton,2
Jack Weyler,2
W. H. Hallett,2
Capt. Swift,2
"of the steamer ""Insurgent""",2
Mayme Kelso,2
Donna Papricka,2
Georgie Armstrong,2
Chorus Boy,2
Chorus Girlie,2
Joe Errico,2
Helene Violette,2
The District Attorney,2
Bonnie Harvey,2
Miss Boston,2
Mabel Wilson,2
Miss Fresh,2
Fred J. Webber,2
a member of the Jury,2
Mr. John Reinhard,2
Leonard Gomez,2
son of the President of Venezuela,2
Mr. Jack Gardner,2
Mr. Dallas Welford,2
Theophilus Sherry,2
Eleanor Christie,2
Irene Vandervelt,2
Lillian Buchanan,2
Myrtle Stuyvesant,2
Lea F. Leland,2
Ruth Amsterdam,2
Helene Ross,2
Bertha Van Hutten ,2
Eleanor De Puyster,2
Florence Astoria,2
Irene Palmer,2
Helen Van Ness,2
Mr. Carl Jackson,2
J. R. Scott,2
his step-son,2
Mr. Fred'k Clayton,2
his lawyer,2
Miss Marion Nichols,2
Wiggins,2
Miss Virginia Wilson,2
Miss Anna Doherty,2
Mr. Edgar Norris,2
Mr. Fred Sidney,2
his mother,2
Ralph Sumpter,2
Lieut. Crosby,2
Nick  ,2
H. Reeves Smith,2
"William Faraday, J. P.",2
James Raleigh,2
Frederick Powell,2
Margaret Anglin,2
Celia Faraday,2
Maude Granger,2
Mrs. Chisholm Faraday,2
of Chicago,2
John Lawton,2
Joseph S. Marba,2
butler to Richard Ainsley,2
Herbert McKenzie,2
Lord Robert Bromleigh,2
William Morris,2
Dr. Dallas,2
James Kearney,2
Janet Beecher,2
Helen Arany,2
Jane Grey,2
Flora Dallas,2
Mrs. McGinnis,2
Eleanor Verden,2
Miss Roland ,2
Margaret Bradley,2
Mrs. Chatfield,2
Edward Fielding,2
Count D'Eguzon,2
Helene's Uncle,2
Annie Esmond,2
Countess D'Eguzon,2
Helene's Aunt,2
Jerome Patrick,2
Andre D'Eguzon,2
Ernest Lawford,2
Valentin Le Barroyer,2
Marquis De Langelier,2
Edgar Norton,2
Fouques,2
John Holland,2
Mercita Esmonde,2
Jeantine,2
Amy Veness,2
Madame De Verceil,2
Janet Slater,2
Jeanne De Verceil,2
Edgar Norris,2
"Henry Symon Mordaunt, J. P., L. L. D.",2
Mrs. Kilby Cubitt,2
Percival Mordaunt,2
Frank Mason,2
Rev. Mr. Wiltshire,2
Anna Doherty ,2
Miss Marian Nichols,2
Henry M. Johnson,2
Hazel Lewis,2
Raymonde,2
Sophie,2
Mildred Barrett,2
Yvonne  ,2
May Hennessy,2
Suzanne,2
Alice Dovey,2
Angele,2
Craufurd Kent,2
Maurice D'uzac,2
Jessie Lewis,2
The Girl from the Saskatchewan,2
Crapote,2
Alice Hegeman,2
Madame Dondidier,2
A. S. Humerson,2
Louise Kelley,2
La Comtesse de Montanvert,2
Richard Ward,2
Alice Kelly,2
Clarice Van Zandt,2
her sister,2
Thais Magrane,2
Frances Ward,2
Richard's wife,2
Mattie Ferguson,2
Gretchen Jans,2
their aunt,2
Eleanor Woodruff,2
Elise,2
Frances' maid,2
Helen Collier Garrick,2
Malcolm Grindell ,2
Mr. Leggit,2
a Heilander,2
John Sharkey,2
George Ross,2
Hattie Murphy,2
Gretchen Lang,2
Imogene Kelly,2
Mrs. Thatcher,2
Walter Craven,2
John Hargen,2
Helen Dahl,2
Ethel Hargen,2
Murchison,2
Frederick Truesdell,2
Joe Holbrook,2
Maggie Pepper,2
Mary Hampton,2
Ada Darkin,2
Natalie Jerome,2
William J. Kline,2
Johnson,2
Percival T. Moore,2
James Darkin,2
Marie Hudson,2
Johanna,2
Albert Goldberg,2
Franklyn Roberts,2
Detective Bailey,2
Vaughan Trevor,2
Frank Burbeck,2
Frazer Coulter,2
Charles Stedman,2
Grace Weeks,2
Louka,2
Marie Cattell,2
Zora,2
Irene Cattell,2
Thyrsa,2
Maxfield Moree,2
Bigredon,2
a promoter,2
Christie MacDonald,2
Mr. Thomas Conkey,2
Prince Aladar,2
"Visiting Carlsbad Spa at the gala season with her father, His Highness",2
Miss Elgie Bowen,2
Annamirl,2
"The favorite fountain girl at Carlsbad, known as ""The Spring Maid,"" who is courted by a young officer",2
Elizabeth Bell,2
Spaetling,2
Miss Jessie Bradbury,2
Ursula,2
"One of his admiring matinee patrons, has resulted in their being pursued by",2
Gretel,2
Miss Madeline Dailey,2
Hanni,2
Col. Boone,2
Who objects to the water cure,2
Mr. Otto F. Hoffmann,2
Mr. Skinner,2
Baron Rudi,2
"A cousin of Bozena, who, like her, has come to Carlsbad to participate in the annual pageant of the discovery of Carlsbad Spring, which is directed by",2
Evakatl,2
"At whose popular hostelry are sojourning various American visitors, including",2
Mr. Tom McNaughton,2
Roland,2
"The famous English tragedian, whose favorite role is Othello; whose fondness for",2
Mr. Lomax,2
Mazie,2
Mr. Fred C. Jones,2
Leo,2
Mr. Len Litchfield,2
Franz,2
Mawruss Perlmutter,2
Bookkeeper,2
Federal Officers,2
Dolly Gray,2
Miss O'Brien,2
Ethel Brice,2
Katie,2
Addison Vibert,2
Rose Melville,2
Sis Hopkins,2
Helen Ware,2
Helen Lowell,2
Sophie Brush,2
Phyllis Oldham,2
Brick's sister,2
Grace Field,2
Dora Warner,2
Jack's sister,2
Jack Warner,2
Al Wilder,2
Swat Rogers,2
Joseph Maloney,2
Betty La Boulaye,2
Gladys Meyrick,2
Eastern boy,2
Miner,2
Florence Malone,2
Hetty Brice,2
Amy Lesser,2
Pauline Duffield,2
Mrs. Graham,2
Egbert T. Roach,2
Mr. Colton,2
Minnie Williams,2
Mrs. Colton,2
Mr. Hackett,2
Frederick Norman,2
E. M. Holland,2
William Tetlow,2
"Daniel Jarrett, Jr.",2
Clerk,2
Olive Harper Thorne,2
Mrs. Clayton Fitzhugh,2
Pauline Neff,2
Josephine Burroughs,2
Mable Inslee,2
Izetta Jewel,2
Dorothy Hallowell,2
Jamil Abdallah Azam,2
Joseph Rawley,2
Abdullah,2
Ibrahim,2
George Atalla,2
Huezsin,2
Walter Renfort,2
Selin,2
Kyamil Pasha,2
Frederick Hardy,2
Sheikra,2
Tom Azoom,2
A Peasant,2
Sydney Ainsworth,2
Robert Cruikshank,2
Mary Ryan,2
Mary Hilbert,2
Ethel Von Waldron,2
G. H. Beuermann,2
Erville Alderson,2
A Bedouin,2
Minor S. Watson,2
Baron Reuter,2
Humpty Dumpty,2
Gryphon,2
Mad Hatter,2
J. Gunnis Davis,2
Dormouse,2
Frederick Annerly,2
King of Hearts,2
Knave of Hearts,2
Queen of Hearts,2
James Manley,2
Dallas Brown,2
Officer Flannigan,2
Tubby McGirk,2
Hobbs,2
Mary Land,2
Bella Knowles,2
Irma La Pierre,2
Anne Brown,2
Winona Shannon,2
Kit McNair,2
William S. Lyons (as Wm. S. Lyons),2
William Eville (as Wm. Eville),2
A Lamplighter,2
Edgar Halstead,2
Elijah Quimby,2
the caretaker,2
John Bland,2
the millionaire's right hand man,2
John C. King,2
The Owner of Baldpate,2
the cause of it all,2
Helen May,1
Rose Madison,1
the ward of Mr. and Mrs. Hamilton Schuyler,1
Maude Abbe,1
Betty Thompson,1
John Linn,1
The Sheik,1
betrothed to Rose,1
Kathryn Osterman,1
Mrs. Hamilton Schuyler,1
an ex-chorus girl,1
Joe Wall,1
Monsta,1
a Persian servant,1
Rouland Radcliffe,1
Dudley Stephens,1
Louis A. Simon,1
Paul Atkins,1
Paul's valet,1
Emir Shahrud,1
disguised as a Persian chef,1
Thos. F. Reynolds,1
Nehmid Duckin,1
The Khan,1
H. Reed,1
Mr. Hamilton Schuyler,1
the retiring consul,1
Agnes Gordon,1
Mark Fenton,1
Edwin Gordon,1
her husband,1
Frederick Burt,1
Jack Duane,1
An Unknown Man,1
Ed. F. Reynard,1
Jawn Jawnson,1
The Lone Fisherman,1
Mary Norman,1
Mrs. Dewberry,1
Mr. Cosy Koontz,1
The Pawnbroker,1
Mr. John Orman,1
The Wench,1
Mr. Foxy Weesner,1
Maude,1
Fido,1
The Dog,1
Gyp,1
Gabe,1
Police Patrol Horse,1
Lion-hearted Constable,1
Editor Hicksville Bungle,1
George Leach,1
"""Slick"" Jim Dawson",1
Kingsley Benedict,1
"""Bugs"" Naylor",1
William Foran,1
"""Baldy"" Burns",1
Troubador,1
Lieutenant Shapleigh,1
Florence Foley,1
Serge  ,1
(their son),1
Margaret Gordon,1
Princess Nadia,1
Lucille Love,1
Assistant to Joseph Lertora,1
Beau  ,1
Vida Perrin,1
Jannette,1
Albert Phillips,1
Count Alexis Karenina,1
(Minister of State),1
Fred J. Ardath,1
handy boy around the farm,1
Charles Conklin,1
Sheriff Nick Carter Shylock Slumps,1
Joe Lyons,1
Uncle Joshua,1
Fern Marshall,1
Aunt Jane,1
Jack Ardath,1
Manager of Show Troupe,1
Muriel Arlington,1
Miss Maude Powell,1
violin soloist with troupe,1
Mme. Liane Doree,1
Saul Roselle,1
Mme. Johanna Kristoffy,1
"in ""Il Trovatore""",1
Sig. Raimondo Scala,1
"in ""Rigoletto""",1
Sig. Raoul Romito,1
Turriddu,1
"in ""Cavalleria Rusticana""",1
J. Hugh Fish,1
Jack Sherwood,1
Eddie O'Rell,1
"""Skinny"" Carl",1
Frank P. Crumit,1
"""Fat"" Hayes",1
William A. Galpen,1
Alma Moore,1
R. Addis,1
Zeta McDonough,1
Nettie C. Coburn,1
Ethel Adamson,1
Beth Hippler,1
Bob Raymond,1
Yodeling Performer with Norine Carman's All-Star Minstrels,1
Fredrika Slemons,1
Elizabeth Harrigan (Liz),1
Margaret Templeton,1
Florence Elwood,1
Fred McGuirk,1
Howard Grayson,1
(The boss's son),1
Adelaide Lovenberg,1
A Demure Demoiselle and Graceful Grisette,1
Emile Collins,1
Prof. Toepfer,1
Charles Connor,1
A Dancing Hussar,1
Louis Mann,1
Charles Sample,1
Sam Carman,1
Jack Conley,1
Norine Carman,1
Jack Claire,1
Sandy's chum,1
Mons. Marcel,1
Jack Primrose,1
Woe,1
George Baldwin,1
Love   ,1
Valeska Suratt,1
Damosel,1
Frank Walters,1
The Tall Rube,1
Hugh L. Conn,1
Surgeon Louder,1
a military surgeon,1
Edward Bowers,1
The Fat Rube,1
Roger Imhof,1
Private Casey,1
a wounded soldier,1
Sam Mann,1
The New Leader,1
Eva Leigh,1
Member of The Sister Act,1
Tony Ryan,1
The Hick Actor,1
Jack Delman,1
Props,1
Harry Wilson,1
Pianist for Florenze Tempest,1
Harry F. Gilbert,1
The Stage Manager,1
Leighton Stark,1
It   ,1
Irene Timmons,1
She   ,1
the crook's wife,1
Bertine Robinson,1
Mr. Inbad,1
a souse,1
Joseph Roberts,1
Bobby Perkins,1
a police reporter,1
Fred Burton,1
Tom Hadley,1
a plain clothes man,1
Clifford Dempsey,1
Tim Dugan,1
detective attached to the central office,1
John Smith,1
Harry Goodwin,1
John L. Fitzcorbett Sharkey,1
John P. Coleman,1
Reginald Redstocking,1
Taylor Granville,1
Billy Bradley,1
"alias ""The Eel,"" a crook",1
Gordon Dooley,1
Bee Dingas,1
George Loff,1
Gene Carrick,1
Ed. Gallager,1
Admiral Dock,1
"commander of the battleship ""Sandy Hook""",1
Joe Fields,1
Shakey Schultz,1
a sort of sea dog,1
Jack Sheek,1
Bill Bowling,1
a blue-jacket,1
Roy Walling,1
Central Office ,1
Lillian Rambeau,1
Boston Bessie,1
a shoplifter,1
Willard Mack,1
Marjorie Rambeau,1
Molly Hewes,1
Miss Tilne Stork,1
Corinne Sales,1
Assistant to Francis Dooley,1
Marian Chapman,1
Gretchen  ,1
their daughter,1
"""Hansel""",1
Allan Dinehart,1
Frederick Leopold Overocker,1
Ann Heritage,1
Evangeline Darling,1
Perrin Somers,1
Bernard A. Reinold,1
Conrad Hofmeister,1
a German carpenter,1
Curt Karpe,1
Night clerk at the hotel,1
Charles White,1
Anthony Wells,1
a wealthy American   ,1
Tully Langdon,1
Chauffeur  ,1
Harry Langdon,1
Johnny Flattire,1
Virginia Harned,1
Mons. Joe E. Helsey,1
Host introducing Dick The Handwriting Dog,1
W. L. Abingdon,1
Oliver Armstrong,1
David Powell,1
Frank Hazell,1
Neal McCay,1
Harold Hoffman,1
manager at Bloom's,1
Mrs. Elizabeth Blackburn,1
Lucy,1
Madam's maid,1
Grace La Rue,1
Madame Gracia de la Plage,1
Muriel Morgan,1
Miss Teachem,1
Mary O'Neill,1
Annie Rooney,1
Lena Mandoza,1
Rose O'Grady,1
Edmund Forde,1
Wallace Melton,1
a prospective husband,1
Heen Alton,1
Ernest Armour,1
Basso,1
Stefano Pettine,1
Stanley Jessup,1
Mr. George Forrester,1
(millionaire with a million ailments),1
Beatrice Moreland,1
Dr. Billie Joy,1
Marion Littlefield,1
Perkins Fisher,1
Silas Older,1
Florence Fisher,1
Belle Younger,1
Wm. H. Macart,1
Dennis Mulligan,1
the boss of the district,1
Ethlynne Bradford,1
Mary Ellen Mulligan,1
Harriet Davis,1
Mrs. Muldoon,1
a rich widow,1
Frank Lewis,1
Dorothy Hayden,1
Assistant to Howard and Ratliff,1
Owen McGiveney,1
Monks,1
Half-brother to Oliver Twist,1
Henry Chesterfield,1
Sam Bridges,1
the claim agent,1
Julia Nash,1
Parthenia Page,1
the victim's counsel,1
Ada Lane,1
Assistant to Jack Wilson,1
Tom Terriss,1
Ebenezer Scrooge,1
Gordon Begg,1
Mr. Fezziwig,1
Stuart Paton,1
Mr. Topper,1
Louis Carruthers,1
Tiny Tim,1
Ethel Patrick,1
Jessie Silver,1
Fanny,1
Sarah,1
W. Lewin,1
Frederick Epiteaux,1
The Spirit of Jacob Marley,1
Bailey Hick,1
Fred,1
Ein Lohndiener,1
Hans Jacob Dobler,1
Dichter,1
Ein Schutzmann,1
Iffi Engel,1
Effie,1
Beider Tochter,1
Charlotte,1
Otto Wasner,1
Gymnasiallehrer,1
Curt Wehrle,1
Der Protokollfuhrer,1
Frau Lund,1
eine alte Dame,1
Eine Gerichtsordonnanz,1
Fritz Beermann,1
Rentier,1
Arthur Sulzheimer,1
Dritter Kriegsgerichtsrat,1
Heinrich Mattaes,1
Erster Kriegsgerichtsrat,1
Fritz Beyer,1
Forstrat Kracher,1
Adolf Bolland,1
Kommerzienrat,1
Helbig,1
"Sergeant, im 12. Hus.-Regt.",1
Klarchen Volkhard,1
Lina  ,1
Major Paschke,1
vom Elsass. Infanterie-Regt. No. 19,1
Hanni Brookmann,1
Mirzl,1
Stubenmadchen,1
Leopold Brandmeyer,1
Zahlkellner,1
von Hoewen,1
"Leutnant, im 12. Hus.-Regt.",1
Dr. Hauser,1
Justizrat,1
Ratin Schmidt,1
Cenzi Gotzer,1
Resi,1
seine Nichte,1
Max Helfer,1
Joseph  ,1
Hausknecht,1
Ein Dampferkapitan,1
Loidl,1
Bettler,1
Kurt Wehrle,1
Glanz,1
Lakeien,1
Frau Dorffel,1
deren Tante,1
Ein Musikus,1
Kellermann,1
Cenzi Goetzer,1
Walter Hinzelmann,1
Privatgelehter,1
Winz,1
Cenci Goetzer,1
Else,1
seine Tochter,1
Karl Bilz,1
Lutz,1
Kammerdiener,1
Hans Koebes,1
Roeder,1
ein Bierkutscher,1
Karl Ralph,1
Von Wedell,1
Saxo-Borussiae,1
Hofmarschall Freiherr von Passarge,1
Excellenz,1
Dr. Phil. Juttner,1
Rudolf Lachner,1
Kurt Engelbrecht,1
Unteroffizier Gleich,1
Karl Heinrich,1
Erbprinz von Sachsen-Karlsburg,1
Kurt Manthey,1
Kammerherr von Breitenberg,1
Unteroffizier Faller,1
Gefreiter Friedmann,1
Curt Bachwitz,1
Erster Musketier,1
Hermann Korn,1
Lehrer Bokmann,1
Hans Frizzen,1
Schwienski,1
Groller,1
Lenz,1
Waldmann,1
Bezirksfeldwebel,1
Frau Ruder,1
Einjahriger Schmitz,1
Paul Nadler,1
Husken,1
Ernst Mantey,1
Sergeant Lichte,1
Schenk,1
Kantinenwirt,1
Hauptmann von Wildau,1
Lenchen,1
belder Nichte,1
Marianne,1
seine Frau,1
Feldwebel Koester,1
Betty ,1
Zimmermadchen bei Beermann,1
Josef Reisacher,1
ein Schreiber,1
Madame Ninon de Hauteville,1
eine Private,1
Oskar Strobel,1
herzog. Polizeiassessor,1
Freiherr von Simbach,1
herzog. Polizeiprasident,1
von Bannewitz,1
"Rittmeister, im 12. Hus.-Regt.",1
Frau Moller,1
Festgaste bei Christian Frizzen,1
Christian Frizzen,1
Gensdarmerie-Wachtmeister,1
George Bixby,1
Edward Harris,1
Henry Hull,1
Cholmondeley Thomas,1
Philip White,1
Moses Einstein,1
Inez Buck,1
Mattie,1
Harry Goode,1
Waiter ,1
J. H. Purcell,1
General Baron von Gondremark,1
Frank Rushworth,1
Captain Prince Karl von Wallenstein,1
Chas. Schuller,1
Lieut. Herman Vogel,1
Adrian Bellevue,1
Lieut. Otto Stoltz,1
John Fennessy,1
Lieut. Johann Blucher,1
Lieut. Gustav Brandt,1
Nellie Brewster,1
Constance Adams,1
an American girl,1
Gertrude Rose,1
Viennese Lady,1
Joseph Downs,1
Rhea Venola,1
Lew Krouse,1
Horace Carr,1
a bill collector,1
Adele Lovenberg,1
William Purcella,1
Mike Orben,1
Mrs. Everett Sanford,1
Joseph Kaufman,1
Catherine Bronson,1
Amy Caldwell,1
Jean Whitney,1
Mary  ,1
the maid,1
Kate Elinore,1
Bridget Mahoney,1
Sam Williams,1
Christopher Columbus Merry,1
James S. Murray,1
Michael McGuire,1
W. C. Gordon,1
Reginald Hardup,1
Cecil Renard,1
Lize Mulligan,1
L. M. Worth,1
D. Dick,1
detective  ,1
Marie Lorens,1
Lizette Ansonia,1
second soprano,1
Bertha Carlisle,1
Lucele Belmont,1
Robert Hickey,1
Ronald Manhattan,1
first tenor,1
William Warren,1
Edgar Amsterdam,1
second tenor,1
Jack Goodall,1
Melville Riverside,1
bass  ,1
A Bill Poster,1
Gertrude Roland,1
The Dutch Cleanser Miss,1
Chief of El Madhi's Horsemen,1
Madame Cavalieri,1
Chas. Kuhnon,1
A Viloinist of the Montmartre,1
DeForest La Fleur,1
An Omega Duck Miss,1
Marguerite Crittenden,1
The Spearmint Miss,1
Bertha Creighton,1
One of El Madhi's Dancing Girls,1
Zobeide,1
(in fact),1
Stafford Pemberton,1
Sheik El Madhi,1
Jack Clinton,1
Mr. Bryan,1
of Grape Juice Fame,1
Anna Held,1
"Portrayed in ""I've Got A Feeling""",1
The Mazda Miss,1
Evelyn Hall,1
The Franco Soup Miss,1
Marjorie Roland,1
September Morn,1
Harry Lauder,1
"Portrayed in ""You Are My Daisy""",1
Bessie McCoy,1
Portrayed in the Moulin Rouge Scene,1
Isadora Duncan,1
"Portrayed in ""The Beautiful Blue Danube""",1
Louis Casavant,1
See Yup,1
"Geo. A. Wright, Jr.",1
Paul  ,1
Joseph Jefferson,1
Jim   ,1
Elsie Childris,1
her American daughter,1
J. D. Chadwick,1
Ebenezer Wiggins,1
Frederick Calvin,1
Dick Van de Veer,1
Steve Hickey,1
Donovan,1
his trainer,1
Harold Woolf,1
Tom Childris,1
Madge Voe,1
Helen Childris,1
Pianist for Ray Cox,1
Blanche Bender,1
Ida May Chadwick,1
Tilly Wiggins,1
Frederick R. Seaton,1
Moy Gow,1
Melanie Miller,1
Ferrell Desmond,1
Alto,1
Eleanor Elliott,1
Mezzo,1
Adlyn Estee,1
Frances Carson,1
Mrs. Gwendoline Smith,1
Robt. Lowe,1
Mr. Bob Smith,1
Thomas Corless,1
Bellboy,1
May Tully,1
Mrs. Robt. Smith,1
Lester Browne,1
General Burnham,1
Thos. D. Richards,1
Captain Burnham,1
James Cunningham,1
"Tenor, Dude",1
Joe Smith,1
Chas. Mack,1
Larry Dillon,1
an Irish-American,1
John Conroy,1
Kerrigan,1
one of the old sort,1
Etta Bastedo,1
Sheeleha,1
an Irish colleen,1
Edward Hemmer,1
Mortimer Carlyle,1
Ruth Raynor,1
Lillian Carlyle,1
Wilmott Williams,1
Peter Bland,1
hotel proprietor,1
Assistant to Ben Deely and Company,1
Telephone Girl,1
Trixie Tripp,1
The Little Sunbeam,1
Matthew Margraff,1
L. P. Reinhart,1
Fred Layton,1
Louis Frohoff,1
Train Conductor,1
John Terry,1
Pullman Porter,1
A. Jefferson Gorman,1
The Guide,1
Harry B. Vokes,1
Herman Gosselspratz,1
a wealthy German,1
Gretchen Hartman,1
Dolly Dancer,1
his sweetheart,1
Emily Muller,1
Pansy Dale,1
her chum,1
Estelle West,1
Molly Marston,1
Dollie's aunt,1
Wm. Bence,1
Ching Lee,1
"Chinese impersonator, dealer in Chinese merchandise",1
Officer Murphy,1
Ding Fat's daughter,1
Charlie Wong,1
Chinese Musician of the Long Sum Restaurant,1
Daisy Bruno,1
Chinese Mandarin Girl of CHUNG-HWA-MUN QUOCK (Chinese Republic),1
Mabel Francis,1
Chinese Maiden of 'Frisco,1
Frank C. Westphal,1
Pianist for Sophie Tucker,1
Madge Torrance,1
A Pierrot Doll,1
May Bertram,1
James Ryan,1
A. Seymour Brown,1
Dick Marlowe,1
Alice Gordon,1
Mrs. G. Wellington Smith,1
Wm. Beardsley,1
G. W. Smith,1
Jeanette ,1
Assistant to Miss Leitzel in Wonders of the Air,1
Frank De Witt,1
A Jack-in-the-Box,1
Cecilia Santon,1
Dorothy Smith,1
Loney Haskell,1
"Introducer of Don, The Talking Dog",1
George Walton,1
the valet,1
John Coleman,1
George Gibson,1
Robby Elliott,1
Johnny Spooks,1
Ben. Jackson,1
Uncle Andrew,1
John Spooks,1
Roberta Elliott,1
Mary Nash,1
Helen  ,1
Grace Shanley,1
Arthur Sullivan,1
Slim   ,1
Margaret Murphy,1
Babe   ,1
"Henri Montmarte, Aristide Lenuit, Wilhelm Blatz",1
art students,1
"Adelaide Mason, Elise Hamilton",1
"Fay Tincher, Olive Carr",1
American College Student,1
A footman,1
Pierre de Willette,1
"Hazel Kirk, Emily Myers",1
Troubadours,1
Eric Kimball,1
Paul Wentworth,1
Gertrude Shanley,1
Martha  ,1
Mabelle Adams,1
"Zila ""La Tzigane""",1
Jay G. Simms,1
W. A. Thomas,1
Butler  ,1
Chris Schonberg,1
Pianist for George Whiting and Sadie Burt,1
W. C. Mason,1
The Doorkeeper,1
Nan De Voe,1
Charles Kennedy,1
The Rube,1
Eddie Phelan,1
"The ""Dopey"" Pianist",1
Florence Mack,1
The Shopper,1
Elsie Niemeyer,1
The Tough Girl,1
Hal Pine,1
The Tough  ,1
William F. Sully,1
Adam Tellum,1
Frank Gardner,1
James Clarke,1
alias Richard Harper,1
Twin,1
Leslie M. Hunt,1
Robert Thornhill,1
Claire Vincent,1
May Phillips,1
Estelle Sully,1
Mrs. Grace Sully,1
Mrs. Black,1
Catherine Gordon,1
Pianist for Miss Ray Cox,1
Mrs. Crane,1
Mr. Frank Gardner,1
"John E. Sully, Jr.",1
Leander Jones,1
John E. Sully,1
Ben Swift,1
Miss Estelle Sully,1
Tome Monroe,1
Charles Gregory,1
Harriett Budd,1
George Spink,1
Pianist on Left Piano,1
Mabel Gebeau,1
Pianist on Right Piano,1
Doris Wilson,1
Star Actress,1
Dot Wilson,1
John Brown,1
Rubie Abbott,1
Maggie  ,1
Eva Condon,1
Jere Grady,1
The Grouch,1
Edward Manly,1
Frankie Carpenter,1
Claude Gillingwater,1
Bruce Benton,1
a millionaire promoter,1
Edith Lyle,1
Lillian Benton,1
George Thompson,1
Edward Flynn,1
a sergeant of police,1
Frank Wunderlee,1
The King,1
Robert Jones,1
The Executioner,1
Ed Wynn,1
The Jester,1
Dorothy Regel,1
Adelaide Black,1
the telephone operator,1
Tillie Green,1
Stanley Young,1
Tom Brown,1
Claude West,1
Rufus White,1
a colored ge'man,1
Dorothea Antel,1
Myrtle Gray,1
a soubrette,1
Franklyn Ardell,1
Ned Mathews,1
candidate for mayor,1
Caesar Rivoli,1
Prologue,1
Andrew MacQuarrie,1
Father Bertrand,1
Mme. Bertha Kalich,1
Bertha Kalich,1
John Harrington,1
Michel Kerouac,1
Al. Piantadosi,1
Performer - Melinda's Wedding Day,1
Marie Walters,1
Elsie Smith,1
"His wife, candidate for mayor",1
The Barry Girls,1
Assistants to George Felix,1
James  ,1
James,1
servant,1
Eliza,1
maid,1
Mrs. Sarah Gordon,1
Ralph Lynn,1
Algy Sloman,1
Helen Burkett,1
Carrie Story,1
College Chum of Vera's from Vassar,1
Jos. Merrick,1
DeWitt Wright,1
Ben Deely,1
Bell Boy,1
first night on duty,1
Joseph Green ,1
Inspector Turner,1
Francis McGinn,1
Officer O'Reilly,1
Herbert Heywood,1
Gennaro Satro,1
The Harvey Family,1
(Aerialist),1
Europe's Most Famous Lady Aerialists,1
Ben Deely and Company,1
"""The New Bell Boy.""",1
(Newsreel),1
The News of the World: Illustrated by Moving Pictures,1
Belle Blanche,1
Comedienne,1
The Prima Donna Comedienne,1
"Frank ""Slivers"" Oakley",1
Clown,1
"""The Ball Game.""",1
Muir,1
Exit March,1
"""You Did, You Know You Did""",1
"McDevitt, Kelly and Lucey",1
"""The Piano Movers and The Actress.""",1
Julius Tannen,1
Chatterbox,1
George Drumm's Bronx Theatre Orchestra,1
"March--""El Capitan"" by Sousa",1
Francis McGinn and Company,1
"""The Cop""",1
Montambo and Wells,1
Acrobats,1
Acrobatic Funoscities,1
Natalie and Aurie Dagwell,1
Singers,1
Songs of To-day and Yesterday,1
Henry Bull,1
(The Girl from Childs),1
Harry Woodruff,1
Robert Hornblower,1
full of debt,1
P. G. Rockman,1
Mr. Henry Bull,1
The Girl from Childs,1
Isabelle West,1
Mrs. Ann Gray,1
full of trouble,1
P.G. Rockman,1
Margaret Lotus,1
Bernice Wise,1
full of advice,1
James Cooley,1
Walter  ,1
his friends,1
Gordon Burby,1
a dramatic critic,1
Frank Stacy,1
Bozo,1
Edmond Hayes,1
The Superintendent,1
Claud Usher,1
Jerry Kelly,1
Fannie Usher,1
Joe,1
Jerry's sister,1
By Himself,1
Chas Ledegar,1
The Flying Dutchman,1
Ted Snyder,1
Leo Edwards,1
Amy ,1
Geo. D. Baker,1
Bob ,1
Lawrence Grattan,1
The Wanderer,1
James William FitzPatrick,1
Hirsch,1
Performer at Intermission,1
Edward Gillespie,1
The Detective,1
John O'Keefe,1
The Wardman,1
Edith Shayne,1
The Mother,1
Rockcliffe Fellowes,1
The Father,1
Edith MacBride,1
The Cashier,1
Harold Grau,1
The Flirtatious Youth,1
Florence Daniels,1
The Customer,1
Mr. Beban,1
The Italian,1
Kelly,1
Performer of the Exit March,1
The Zanettos,1
Comedy jugglers,1
Mr. Lawrence Grattan,1
Mr. Geo. D. Baker,1
Bob,1
Miss Ivy Benton,1
Sylvia,1
Miss Eva Taylor,1
Amy,1
an office clerk,1
Anitra Anderson,1
a leading lady,1
Phyllis Lloyd,1
an actress  ,1
Brutus,1
Marc Antony,1
Second Interlude,1
Baradas,1
Richelieu,1
Third Interlude,1
Jimmie Barry,1
Zeke Wilkins,1
"""The Rube""",1
Mrs. Jimmie Barry,1
Miss Dazie Dazzleman,1
"""The Actress""",1
"""Props""",1
(Of The Folly Theatre),1
Si Terwilliger,1
"(Editor of ""The Hornet"")",1
Jimmy,1
the outcast,1
Rea Martin,1
Jenny,1
the heroine,1
Romeo,1
A Woman,1
Marie Laure,1
Edward Morrison Leigh,1
one of the old school,1
Jack Kennedy,1
Mr. John Rugg,1
head of Consolidated Stove Works,1
Chauncey Monroe,1
Mr. Ralph Timmins,1
The Bookkeeper,1
Virginia Reynolds,1
Miss Jane Hooper,1
Mr.Rugg's Private Stenographer,1
Thos. A. Wise,1
Senator Wm. H. Langdon,1
of Mississippi,1
William Black,1
Sen. Horatio Peabody,1
of Pennsylvania,1
Molise Campion,1
Carolina Langdon,1
One of Senator Langdon's Two Daughters,1
Aurelio Coccia,1
Sig. A. Ranghelli,1
Miss D. Harlow,1
Mlle. Minni Amato,1
W. H. Murphy,1
Howland Rant,1
Blanche Nichols,1
Constant Lemon,1
Lillian Palmer,1
Harold B. Ginner,1
Alfred Hollingsworth,1
Mr. Ridgewell,1
a jeweler,1
Minni Amato,1
Henry Crowe,1
A. Dolgi,1
Gontran,1
A. Leone,1
Guy,1
Helen Dunn,1
D. Harlow,1
A. Ranghelli,1
Yuki Yamakura,1
F. Vennum,1
General Idea,1
Carl Duke,1
Private Affairs,1
Lewis F. Muir,1
Zaamee,1
the Arabian Intermezzo,1
Ruby Hoffman,1
Harry Prew ,1
Hazel Rosewood ,1
Richard Pitman,1
Henry H. Brice,1
his secretary,1
Leander de Cordova,1
Thomas Watson,1
the warden,1
Wm. W. Cohill,1
Robert Stevens,1
a trusty,1
George Daglenn,1
Lieutenant Bowers,1
of the Governor's staff,1
George Fisher,1
Bill Tubbs,1
a prison guard,1
Margaret Durant,1
Willard Simms,1
Sam Flinders,1
Eugene Robinson,1
Mike,1
his secretary ,1
Mr. Wm Dillon,1
The Electrician,1
Eva Davenport,1
Mrs. Adelaide Walker,1
the ceiling walker,1
Katherine Blair,1
"Mrs. Porter Jerome, Jr.",1
a home breaker,1
Jean Eyrington,1
Oscar  ,1
Mr. Fisher,1
John McCann,1
Miss Scoville,1
Helen McCann,1
a home broker,1
Lulu McConnell,1
Dora Day,1
"a country girl, Jessie Day's twin",1
Frank Sheridan,1
Richard Fallon,1
a millionaire mine owner,1
Mary Stockwell,1
Mrs. Howard,1
Ubert Carlton,1
Freddie Osborn,1
cry baby,1
Frank Ebright,1
Jack Chatfield,1
some pal,1
Jack Ryan,1
Rufus Allen,1
"college ""grind""",1
Lorraine Lester,1
Helen Gordon,1
some girl,1
Mark Murphy,1
Patrick J. Clancy,1
S. Miller Kent,1
The Doctor,1
James M. Parks,1
The Thief,1
Walter Wilson,1
The Emperor Napoleon,1
Kathryn Kidder,1
Madame Sans Gene,1
Bride Elec,1
William Blatz,1
Mrs. Louis James,1
Elsie Janis,1
Ophelia,1
Walter Law,1
Father Egan,1
Yvonne Marvin,1
Catheleen Egan,1
Edwin Caldwell,1
Chas. Elliott,1
Votteler,1
C. G. V.,1
Mr. Harry Wood,1
Lieut. Connolly,1
Mrs. James,1
Bennett Southard,1
James Kendall,1
Bun  ,1
John W. Dunne,1
Jan Van Dyke,1
the Burgomaster,1
Sam Chip,1
Willem Klomp,1
the gardener's assistant,1
Addie Ayers,1
Lena Hofflemeister,1
Herself,1
Gretchen Googleeyes,1
Emmett Devoy,1
Bob Hammond,1
Rose Davis,1
Mrs. Wagstaff,1
Venus,1
Bun,1
Her Manager,1
Hysen Carrington Knocker,1
Irene Eby,1
Claryce,1
Harry Dayton,1
Percival Sterling,1
Lissette Mooney,1
Sammy Sloane,1
Harry Dodd,1
Anna Miller,1
Jane Kearney,1
Helen Bancroft,1
Zoe Brown,1
Pease Diehl,1
Soloist,1
Miss Nellie Morse,1
Pamela Roythorne,1
Marie Day,1
Hanna Roythorne,1
her grandmother,1
Hans Hartman,1
Blakely,1
the chauffeur,1
Eva Carpenter,1
Soprarno,1
Robert W. Smiley,1
David Roythorne,1
her father,1
Adelaide Herrmann,1
Cagliostro,1
The Master of Mystries,1
Emily Ann Wellman,1
Chief of police,1
Political Boss  ,1
Marion Sunshine,1
Lola,1
a Spanish dancer,1
Gertrude Webster,1
Natalie Panatella,1
Christine Zebelle,1
Anna Budd,1
ward of Dr. Budd,1
Daniel Webster Briggs,1
Dr. Budd's lawyer,1
Agnes Gildea,1
A Stout Party,1
Lugubrio Sobini,1
an undertaker,1
"The Misses Richmond, Aldrich, Newell, Ressley, Tennis, Vaughn, Antoinette, Barnard, Winslow, Lockhard, Ancker, O'Kane, M. Gildea, Guillette, Poir, Boylan, Ellsworth, Moeller",1
Act III Ladies,1
"The Misses Vaughn, Ressley, Raymond, Winslow, Newell, Tennis, Aldrich, Ancker, Barnard, Antoinette, O'Kane, Lockhard, M. Gildea, Guilette, Poir, Ellsworth, Boyland, Moeller",1
Act II Ladies,1
": The Misses Richmond, Vaughn, Newell, Aldrich, Antoinette, Tennis, O'Kane, Winslow, Lockhard, Barnard, Ancker, Ressley, Boylan, M. Gildea, Guillette, Poir, Ellsworth",1
Act I Ladies,1
"Messrs. Hessong Collins, Morrison, Enwright, Macrossan, Montgomery, Piper, McShane, Brush, Lafferty, Rowe, Ross",1
Act III Gentlemen,1
"Messrs. Hessong, Collins, Morrison, Enwright, Macrossan, Montgomery, McShane, Brush, Piper, Ross, Lafferty, Rowe",1
Act II Gentlemen,1
"Messrs. Morrison, Hessong, Collins, Enwright, Macrossan, Montgomery, Brush, Ross, Lafferty, McShane, Piper",1
Act I Gentlemen,1
Josephine Poore,1
Daisy Saltzer,1
Cyrus Blivins,1
Opry House Manager,1
Edward Kummerou,1
Gage Bennett,1
Jed Engle,1
who knows no fear,1
Armand Kalisz,1
Jacques,1
the artist and Latin Quarter Student,1
Mr. R. B. Richards,1
Porter from the Art Institute,1
Frank I. Frayne,1
Boob,1
who carries wood and gossip,1
Edward Kummeron,1
Laura Laire,1
Myrtle Clayton,1
whose health is in question,1
Almira Sessions,1
Mrs. Engle,1
doubtless his wife,1
Ethan Allen,1
Ephram Purdy,1
limb of the law,1
Geo. Bronson,1
a beauty seeker,1
Armand Cortes,1
Senor Castillo,1
a Spaniard,1
Mary Clark,1
Dana's stenographer,1
Anne Jones,1
a newspaper reporter,1
Cecil Archer Burton,1
the French Beauty,1
Fanny Kidston,1
Olga,1
the Russian Beauty,1
Carmen Granada,1
Dolores,1
the Spanish Beauty,1
Doris Vernon,1
Hulda,1
the Swedish Beauty,1
Adele Maynard,1
Zuleika,1
the Turkish Beauty,1
Al. Lee  ,1
A. Actor,1
Mrs. Robert Sanford,1
John A. Butler,1
Doris Hardy,1
Evelyn Rushworth,1
of the Churchill Cabaret,1
Alleyne Pickford,1
Amy Lawton,1
of Hoosick Falls,1
Juggling De Lisle,1
Comedy Entertainer,1
Sim Murray,1
Thelma Hoffel ,1
Milton Silsbe,1
Edward Stokem,1
Maude Powell,1
Blanche Barnes,1
Ara Martin,1
Nellie Crawford,1
Isabella Burnside,1
Grace Russell,1
Thelma Hoffel,1
Sadie Mullen,1
Louise Cameron,1
Tess Allen,1
Wilhelm Ransmitt,1
a recent addition to the British peerage,1
Percy Weller,1
a Turkish rug-peddler,1
Lillian Lestora,1
Beryl,1
who saves him from the pool,1
Fred. A. Burke,1
Rodo,1
who steals the charm,1
Madeline Berlo,1
Thetis,1
Who awakens the statues,1
Clara Sexton,1
Spirit of Amphitrite,1
Agnes Carroll,1
The Last of the Nereids,1
May Milloy,1
Birdie Smith,1
Grace Healy,1
Customer,1
Roxane Lansing,1
Mrs. Herbert Gordon,1
Ada Curry,1
Mrs. Rutherford Dean,1
Sarah De Grose,1
Lady in the Bath,1
Margaret Belmont,1
Gladys Webster,1
Carrie Jones,1
Elsa Grosser,1
Muse,1
who plays in the garden,1
Carlo Casetta,1
Martinez,1
who found the charm,1
Bud Baxter,1
a racetrack tout,1
a Turkish rug-pedler,1
Jeems ,1
Mrs. McSwatt,1
Her father's daughter,1
Promoter of the International Cabaret-Vaudeville Trust,1
Hilarion Ceballos,1
Zamora Pierce,1
William Harvey,1
Reggie Doubleday,1
from London,1
Joseph Martel,1
Tom Clarkson,1
a noted athlete,1
a twin bud,1
Wartenberg Brothers,1
foot jugglers,1
William M. Travers,1
Ivan,1
courier to Countess Nadine,1
Alice Shaw,1
Violet Darling,1
Lily Hart,1
Alice Knickerbocker,1
"athletically inclined, from New York",1
Polly Stockwell,1
Gladys Potcheesi,1
"a deserted ""wuff""",1
Edgar Ballou,1
Alphonso Potcheesi,1
"""a dying che-ild""",1
William Evarts,1
Sartoris Potcheesi,1
"""only a husband""",1
Lucia Carne,1
Mrs. Waters,1
landlady at the Bee Hive Inn,1
Dave Stampfer,1
Pianist for Rita Gould,1
Sammy Sloan,1
George W. Callahan,1
Gladys Clark,1
Susan Gray,1
the new nurse,1
Mae Waldron,1
Elizabeth   ,1
Lucille Pearl,1
Elevator Boy,1
Miss Tommy Carpenter,1
Bathing Girl,1
Zetella Dolores,1
Winter Girl,1
Jack Tate,1
Owner of Car,1
Tom Shannon,1
His Son,1
George Manton,1
Small Boy,1
Mae Wardron,1
Elizabeth,1
Mae Bronte,1
Percy Waram,1
Ned Travers,1
a retired soldier,1
Henri Montmartre,1
Mrs. Gene Hughes,1
Madame Cora Le Grand,1
(Cora the First),1
Adele C. Potter,1
Cora Van Tassel,1
(Cora the Third),1
Cora  ,1
Don Jose,1
Stuyvesant Hinslaw,1
the toreador,1
Harry De Costa,1
Pianist for Jack Norworth,1
Katherine Kavanaugh,1
Zara,1
Cora,1
Addie St. Alva,1
Mrs. Cora Van Tassel,1
(Cora the Second),1
Different From All Others,1
Daisy Beasley,1
Chas. W. King,1
John P. Wade,1
Matthews and Alshayne,1
A Chinatown Fantasy,1
"Milo, Girard, Hughes, Roscoe",1
Mr. John P. Wade,1
Mr. Chas. W. King,1
Miss Daisy Besley,1
singer,1
Diana Storm,1
Everywoman,1
Her Companion,1
Claire Clohissie,1
Conscience,1
her handmaiden,1
Geo. M. Vail,1
Flattery,1
Adelyn Wesley,1
a witch,1
Harry Vernon,1
King Love the First,1
Clyde Benson,1
Bluff,1
Theatre Manager,1
John McKee,1
Puff,1
a press agent,1
Theodore Wilde,1
Time,1
a call boy,1
Harrison J. Terry,1
Wealth,1
a millionaire ,1
Vincent Page,1
Age,1
Marion Bradbury,1
Self,1
Flora Mason,1
Vanity,1
William J. Mack,1
Charity,1
a minister,1
Jack Burt,1
Law,1
Roy Baker,1
Grovel,1
Esther Howard,1
Pert,1
Norine Miller,1
Curls,1
Fred. Hampton,1
Student,1
Lea Leture,1
Bessie Wynn,1
Praline Nutleigh,1
"a footlight goddess of the vaudeville persuasion, to whom sunshine is a novelty",1
Mrs. Honoria O'Day,1
"Wakeleigh Knight's wealthy widowed aunt, with a desire to live down her daylight past in the far West",1
Harry Fisher,1
P. V. Hawkins,1
"of Lonesome Falls, Montana, fiance and business adviser of the Widow O'Day",1
Ann Tasker,1
Rose Hubbs,1
"a rural bud, whose experience in life has been confined to the daylight hours at Reubenville Corners, L. I.",1
Harold Crane,1
Wakeleigh Knight,1
"a gilded youth of the metropolis, and a leading spirit of the Sun Dodgers, a coterie devoted to the night life of the great city",1
Nat Fields,1
Hiram Hubbs,1
"a Long Island Nurseryman, proprietor of the site for Sunless City",1
Todd Hunter,1
who moves along the line of least resistance,1
Jerry Hart,1
Sam Porter,1
"Wakeleigh Knight's colored valet, who works while his master sleeps",1
James Dyso,1
Naomi Dale,1
Mabel d'Elmar,1
Fannie Grant,1
Bert Devlin,1
Frank Gilbert,1
Joseph Hadley,1
Mr. Fred Duffy,1
A Cab Driver,1
Mr. James Dyso,1
Mr. James C. Breese,1
I. M. Stude,1
"another still, of the Sun Dodgers Coterie",1
Mr. Jack Jarrott,1
Y. DeWake Taylor,1
another of the Sun Dodgers Coterie,1
Mr. Harry Clark,1
A. Goode Lamb,1
"man about town, of the Sun Dodgers Coterie",1
Miss Maud Gray,1
Trixie Turner,1
"a ""broiler"" of the Sun Dodgers Coterie",1
Herman Muff,1
Member of the Smithsonian Sextette,1
Meyer Brockheister,1
Jack Williams,1
Jesse James,1
James Thompson,1
Jimmie,1
a negro,1
Florence Roberts,1
C.J. Harvey,1
Colonel Brent,1
Tom Maguire,1
Quinn,1
his servant,1
George Fields,1
Second Shoveler,1
John Fleming,1
Marcus Rooney,1
the innocent victim,1
Bernard Randall,1
Boob Jordon,1
looking for gray squirrels,1
W.H. Ferris,1
Flugeoen Smith,1
owner of the Belleville Quarries,1
Dick Lynch,1
Prob Seagraves,1
Sheriff of Marlin County,1
Jonas Prentice,1
Vivia Ogden,1
Prudy Prentice,1
Erville Anderson,1
Luke Prentice,1
a well-to-do Vermont farmer,1
Patrolman,1
Pedestrian,1
Cameo Rae,1
Edna Rich,1
Affinity,1
Agnes Carlyle,1
Dress,1
Forrest Orr,1
Everyhusband,1
Adele Covert,1
Ann Ives,1
Blanche Lipton,1
Albert Tovell,1
Sporty,1
J. M. Colville,1
Reason,1
Lew Virden,1
Drink,1
Matt Wheeler,1
Wilfred Clarke,1
Colt Albertson,1
The Dreamer,1
Grace Menken,1
Ada  ,1
Helena Aynsleigh,1
Mr. Edward McGuinness,1
"Ada, the cause",1
Mr. Wilfred Clarke,1
"Peter Rolleston, the friend",1
Ada,1
May Herbert,1
Care,1
Mr. Edward McGuiness,1
Peter Rolleston,1
the friend,1
Gladys Granger,1
Everywife,1
Marie Van,1
Jealousy,1
Happiness,1
D. Stanley Brown,1
Rhyme,1
Christina Nielsen,1
Mr. Kenneth Ryan ,1
Miss Vera Finlay ,1
"The Misses May Tormey, Nedda Nilssen, Teresa Allen, Helen Miller, Anita Francesca, Estelle Francesca, Berna Devore, Diane Oste, Elsa Reinhardt, May Willard, Lillian Hanson, Daisy Rudd",1
"Policemisses, Court Spectators, Laundry Patrons, Suffragettes ect.",1
Byrd Goolsby,1
"Philip Sohlke, Percy M. Weller, Edward Stokem, Jack Rice, Jay Melville, Louis Strangard, Charles Miller, Milton Silsbe, Joe Rogers, Victor Bozart",1
Tennis Boys,1
"Celie Pink, Nellie Crawford, Ara Martin, Blanche Barnes, Opal Flynn, Maude Powell, Lee Leontine, Pease Diehl, Margie Cogan, Neinda Snow",1
Tea Girls,1
"Gracia Hammond, Tess Allen, Mabel Allen, Gladys Breston, Billie De Hon, Estella Frazer, Viola Williams, Louise Cameron, Halle Crouse, Sadie Mullen",1
Peeresses,1
"From the Follies Bergere, Paris",1
Singer,1
Robinson's Elephants,1
From the Robinson Circus,1
Schreck and Percival,1
Comedy Acrobats,1
Scottish Highlanders Band,1
Musical Selections,1
tenor in The Village Choir,1
basso in The Village Choir,1
soprano in The Village Choir,1
alto in The Village Choir,1
"tenor, The Village Choir",1
His wife,1
Blance Shirley,1
Bessie,1
their nice,1
Miss A. De Vien,1
Maddalena,1
Sparafucile,1
Miss F. Monti,1
Contesso,1
Conte,1
Mr. F. Mauro,1
Manruff,1
Miss A. Jacoby,1
N. Paggio,1
Mr. G. Pimazzoni,1
Barnaba,1
Mr. G. Auzalone,1
Isobo,1
Mme. A. Baroni,1
Violetta,1
Alfredo,1
Germont,1
Mme. M. Pateri,1
Annetto,1
Barone,1
Mr. F. Macaluso,1
Gastone,1
Flora,1
Mr. A. De Carli,1
Doctor,1
Manrico,1
sporano,1
Mr. B. Sibanello,1
Conte di Luno,1
Mr. G. Auralone,1
Ferrando,1
Azucena,1
Mr. M. Tucanti,1
Ruiz,1
Isebo,1
Mr. G. Ausalone,1
Alice Hoyt,1
Giggling Girl,1
Loretta Dale,1
Bashful Girl,1
Sad Girl,1
Mabel Sparkes,1
Flirt,1
Earl Ryder,1
Osborne Searle,1
Earl Ryder ,1
The Boy,1
Helen Du Bois,1
Lucille Frances,1
Jacob's head designer and creator of gowns,1
Marguerite Zimmerman,1
Show Girl,1
Dorothea Sadler,1
Kitty Gordon,1
Vivien Savary,1
an opera singer,1
Hattie Arnold,1
Mamoute,1
her aunt,1
Nellie McCoy,1
Marion Love,1
an American heiress,1
Ida Fitzhugh,1
Princess Diana,1
of Russia,1
Louise Bliss,1
Princess Stellina,1
Nina Barbour,1
Princess Poppy,1
Frances Ray,1
Princess Floria,1
Princess Berenice,1
Ethel Karey,1
Princess Hortensia,1
Harold H. Forde,1
Prince Ivan of Zergovia,1
Ralph Riggs,1
Troute,1
head of the Secret Service,1
George Ridgwell,1
Poff,1
the Prince's tutor,1
Harrison Brockbank,1
Miloch,1
Regent of Zergovia,1
Arthur Forrest,1
Ozir,1
Minister of War,1
Katherine Witchie,1
Mina,1
maid to Vivien,1
Maud Stone,1
Ruth Gribben,1
Anna Dexter,1
Leah Griffith,1
Erma Sawtelle,1
Edward Lamb,1
the head clerk,1
Frances Ring,1
Fannie Jasper,1
Teresa Fern,1
Jane,1
the chambermaid,1
Mary Murphy,1
Gertrude Dempsey,1
the landlord's daughter,1
Marie Taylor,1
"Mrs. ""Andy"" Dempsey",1
the landlord's wife,1
Frederick Maynard,1
Richard Welles,1
the real estate broker,1
Ione Bright,1
Dorothy Welles,1
Gertrude Dempsey's chum,1
Joseph Leslie,1
Charlie,1
the bartender,1
Yosi,1
George K. Henery,1
Judge Kenneth B. Lampton,1
"ex-judge, practising law",1
Horace James,1
Timothy Battles,1
Mayor of Battlesburg,1
Spencer Charters,1
Tom Donahue,1
a Pinkerton detective,1
Russell Pincus,1
Willie,1
the office boy,1
Lillian Hanson,1
Berna Devore,1
Estelle Francesca,1
Anita Francesca,1
Helen Miller,1
Nedda Nilssen,1
Herbert Dunham,1
Alex. Gibson,1
Leslie Powers,1
Harry Harrington,1
Robert Hunter,1
Barry Delaney,1
Clay Hill,1
John Klaboe,1
Fred Bates,1
Dolly Filley,1
Emily Price,1
May Miller,1
Jane Houston,1
Aileen Pickard,1
Lillian Foster,1
Gertrude Rutland,1
Ray Miller,1
Ethel Tennis,1
Eileen Jackson,1
Margie Herman,1
Amy Wilson,1
Katherine Humphrey,1
Bertie Britton,1
Margaret Day,1
Emil Berla,1
General Chambert,1
[General Chambert's] wife,1
Elsie Dorset,1
Elvira von Tuerk-Rohn,1
Gustav Criquet I.,1
Gustav Criquet II.,1
Gustav Criquet III.,1
Giuseppe Cleofantini,1
"Carl Albrecht, Fred. Wienee, Albert Klein",1
"Alfons, Charles, Josef",1
waiters,1
Albert Klein,1
Josef,1
Fred. Wienee,1
Charles,1
Carl Albrecht,1
Alfons,1
Guiseppe Cleofantini,1
Gustav Criquet III,1
Gustav Criquet II,1
Gustav Criquet I,1
Elvira Von Tuerk-Rohn,1
Horton's Ice Cream,1
"598 Sixth Ave., 142 W. 125th St., 302 Columbus Ave.",1
who composes the wedding ,1
Cecil Cunningham,1
Mary VIIth,1
Queen of Somewhere Else,1
Will Philbrick,1
Villainus,1
step-uncle of the Queen,1
Mlle. Elene Leska,1
Chloe,1
cousin of the Queen,1
Taylor Holmes,1
Billy Gettaway,1
of New York City,1
Catherine Hayes,1
Hepzibah Dodds,1
Gettaway's step-daughter,1
Donald Chalmers,1
The Cheerful Executioner,1
Teddy Wood,1
Rocky's best friend,1
Marion Whitney,1
Deputy Chief Boy Scouts,1
Cynthia  ,1
Briggs French,1
Johnny Williams,1
H. P. Wagner,1
Roddy Reilly,1
Daisy McNally,1
To To,1
Devor Alvarez,1
Tondi,1
Doris Ferges,1
Peepo,1
Mildred Lawrence,1
Dadee,1
Violet De Biccai,1
A Lad Named Cupid,1
Guard ,1
George Healy,1
Guard,1
Billie St. Clair,1
Palace Girl,1
Monte Grayce,1
Somewhere Else Boy,1
Fred M. Fisher,1
Billy Wright,1
Martin Conroy,1
Freddy Truesdale,1
Alys Baldwin,1
Sophia,1
"one of Chloe's friends, who believe the proper study of Womanhood is Man",1
Blixie Murrie,1
Gloria,1
Cynthia,1
Phoebe,1
Ellen Evans,1
Daphne,1
"Messrs. Lovie, Bogart, Nathan, Gold, McCormack, Landres, Deem, Wilson, Rubinroff, Rose, Dreese, Brunner, Cordero",1
Waiters,1
"Messrs. Cryan, Long, Jackson, Doolan, Sachs, Cody, Scott, Reese, Edward, Pendergast",1
Porters,1
"Misses Loraine, Jerome, Merritt, Ashton, Proctor, Barrie, Hill, Linnell",1
Manicures,1
"Misses Siegel, Rudd, Roche, McKenzie, Gray, Campbell, Thornton",1
Maids,1
"Misses Babin, Smith, Adair, May, Hill, Barnette, Mooney, Williamson",1
Waitresses,1
"Misses Huntington, Parry, Perot, Rothwell, Myrtle, Oliver, Springer, Langdon",1
Bell Boys,1
"Misses Williamson, Ashton, Barnette, Mooney, Merritt, Hill, McKenzie, Linnell",1
Bridesmaids,1
"Misses Merritt, Smith, Roche, Barnette, Linnell, Oliver, Lean, Springer, Adair, Gray, Ashton, Williamson, May, Barrie, Hill, Proctor, Loraine, Myrtle, Rothwell, Siegel, Parry, Campbell, Hill, McKenzie, Jerome, Frazer, Rudd, Thornton, Huntington, Perot, Baline, and Langdon",1
Fishermaids,1
"Messrs. Cryan, Jackson, Lovel, Doolan, Sachs, McCormack, Landres, Rubinroff, Edward, Gold, Cardero, Pendergast, Reese, Brunner, Wilson, Nathan, Scott, Cody, Lang, Drees, Rose, Bogart, Deem",1
Peasants,1
Arthur Deagon,1
Hon. Terence Donnybrook,1
a professional peace agitator,1
Frank Pollock,1
Willie Petruchio Perkins,1
the unkissed child of peace,1
Ernest Torrence,1
Sir Hannibal Hobbs,1
British Ambassador to Guam,1
Capt. Paul Jones,1
"U. S. N., a hero",1
Saffron Kidd,1
"editor, N. Y. Daily Chanticleer",1
General Cortez,1
official clock-winder of Guam,1
George Burke Scott,1
Hoppy Toddy,1
an Igarotte head-hunter,1
Anna Estelle Wolcott,1
Margaret Smith,1
Cigarettes,1
Twelfth Night,1
"a bos'n, U. S. N.",1
Henriette Wakefield,1
Juanita Mendoza,1
a Spanish exile in Guam,1
Jessie Bradbury,1
Arabella Smithson,1
a waitress (in Summer),1
"Capt. Paul Jones, U. S. N.",1
a hero,1
Alice Yorke,1
Hildegarde Tyler,1
a college girl (in Winter),1
son of the murdered man,1
James T. Hurley,1
Mr. Argyle's lawyer,1
Counterfeiter,1
manager Kayton's N. Y. Office,1
Detective  ,1
Olive Oliver,1
Mrs. Martin,1
wife of Dr. Kreisler,1
Agnes Everett,1
Mrs. Wyatt,1
her companion,1
Josephine Stevens,1
Kitty,1
Son of the murdered man,1
John Beck and Frank Russell,1
Simeon Gage and William Skidd,1
Counterfeiters,1
"Manger, Kayton's N.Y. Office",1
A Government expert,1
a butler,1
John Beck,1
Simeon Gage,1
Ann ,1
Claire Beverly,1
Thomas Wiggins,1
Thomas Wiggin,1
Percy M. Weller,1
Opal Flynn,1
Peeress ,1
Formerly of the Lunch Counter Girl Company and now of the Peerage,1
Totts Hornblower,1
Minstrel Banderine,1
Edward McNulty ,1
Susie Simpson,1
Harry Crapo,1
J.K. Murray,1
Pali Racz,1
the Gypsy Leader,1
Robert Buchanan,1
Count Mustari,1
his Master of Ceremonies,1
Albert Hedges,1
Joska Fekete,1
Irene Pawloska,1
Juliska Fekete,1
Charles Meakins,1
Count Irini,1
Bert Gilbert,1
Cadeaux,1
his shadow,1
Jack Squires,1
"Count Estragon, H. R. H.",1
H. R. H. King of Massilia,1
Edward Smith,1
Eva Ball,1
Child of Racz,1
Bernard Schmidt,1
Gypsy Violinist,1
Debutante,1
"Misses Sheridan, Muller, Lee, Fellows, Elliott, DeWitt, Mason, Mellette, Flint, Gray, Huben and Thaber; Messrs. Buchanan, Smith, Pollock, Stewart, Colvin, Heilbrun, Black, Squires, McAvoy, Crapo, Brackett, Condon, Devore, Everett and Pikos",1
Guests,1
"Misses Busch, Borden, Ray, Huben, Florida Bellaire, Rita Bellaire, Morn and Christopher",1
Debutantes,1
"Misses Sheridan, Muller, Lee, Fellows, Elliott, DeWitt, Mason, Mellette, Flint, Gray, Huben",1
Peasant Women,1
"Misses Busch, Borden, Ray, Huben, Cecil, Baedor, Eva and Madelyn Ball",1
Other Children of Racz,1
village child,1
Edwin Smedley,1
Abijah Flagg,1
Marie L. Day,1
Miranda Sawyer,1
Violet Mersereau,1
Clara Belle Simpson,1
Clara Mersereau,1
Minnie Smellie,1
Edna Flugrath,1
Alice Robinson,1
one of Rebecca's maiden aunts,1
Jack Pendleton,1
Bob Berkley,1
Hale's friend,1
B. F. Graham,1
justice of the peace,1
Noah Beery,1
Judd Tolliver,1
June's father,1
C. Paul Schwager,1
Dave Tolliver,1
Judd's nephew,1
Evelyn Jone,1
The Husband,1
Stella Archer,1
Little Ruth Ormsby,1
The Child,1
Dorothy Merritt,1
The Sister,1
Alpheus Ethier,1
The Friend,1
George Clare,1
The Butler,1
Reginald Barker,1
The Ship's Captain,1
Alden Wheeler,1
The Ship's Doctor,1
Chas. W. Hopkins,1
The First Passenger,1
Jane Burbank,1
The Second Passenger,1
Henry Wiseman,1
The Third Passenger,1
Jane English,1
The Fourth Passenger,1
Margaret Dougherty,1
The Fifth Passenger,1
Wanda Carlyle,1
The Sixth Passenger,1
Le Roy Johnson,1
The Messenger,1
Harvey Clark,1
Young Parmalee,1
Edna Conroy,1
Lew Pollack,1
Pianist for Sidney C. Gibson,1
Thomas Bennett,1
Pianist for Eddie Cline,1
Fiske O'Hara,1
James E. Miller,1
James Butler,1
Duke of Ormonde,1
Don Merrifield,1
Sir Thomas Connolly,1
of Castletown Manor,1
J. P. Sullivan,1
Sandy McFarland,1
a cattle buyer,1
Wm. T. Sheehan,1
Phadrig Mulhall,1
a stock raiser,1
Gerald McCoy,1
Hugh Barton,1
Charles McHenry,1
Myles Dowling,1
Morey Hanta,1
Constable,1
P. J. Burke,1
"Constables, Peasants, Etc.",1
a cityfied country boy,1
Charles Dox,1
The Hon. Dike Bilwether,1
Clara Palmer,1
Ernestine Bilwether,1
his ambitious wife,1
Helen Falconer,1
Caroline Bristow,1
Mrs. Bilwether's niece,1
James G. Reaney,1
Jim Flanders,1
a politician,1
Florence Topham,1
Ethel Trotter,1
a social secretary,1
Harold Russell,1
Donald McGookin,1
a Scotch tourist,1
Mack Whiting,1
Angus Dumfries,1
another Scotchman,1
Virginia Kendall,1
Fawnie Smith,1
a Suffragette,1
Marie Thompson,1
Serepta Wallace Kitts,1
G. Melville,1
Sylvia Luggs,1
helping to spend the money,1
also helping to spend the money,1
Ed. Reader,1
Pierette,1
Bessie Pardue,1
Dancer,1
"in ""The Old Town"" Pony Ballet",1
"Florence Williams, Dorothy Bertrand, Evelyn Carroll, Madelaine Dupont, Virginia Kendall, Florence Mellville, Jane Sheridan, Dorothy Honey, Irene Samsel, May Carey, Isabel Falconer, Peggy Preston, Margaret Trevor, Harry Silvey, Maurice Avery, Johnny Ryan, Fred Laderman, Arthur Keuster, Lester Garvey, Clarence Strong",1
Clarence Strong,1
a citified country boy,1
Henry Clay Baxter's manager,1
Ed Reader,1
also helping,1
ditto,1
W.J. McCarthy,1
Davis Wheeler,1
Anaka,1
a native servant,1
Wm. H. Fitzgerald,1
Veritas Sharpe,1
president of the International Pearl Co.,1
Eugene McGregor,1
Bob Norris,1
in love with Loraine,1
F. Holmes,1
Peg Leg Jukes,1
captain of Nadine's crew,1
Charles Prince,1
Kaliko,1
King of Powi Island,1
Talulu,1
L. J. De Bold,1
Gideon Slim,1
a pearl trader and adventurer,1
Carry Poltz,1
Aaron's Dancing Doll,1
Lillian Ludlow,1
Bessie Hall,1
Helen Carter,1
Evelyn Ratcliffe,1
Pauline Sterling,1
Bessie Hale,1
Yacht Steward,1
Dan Dale,1
"Yachtsman, Friend of Jack Sharpe",1
Walter Lysat,1
Vincenzo,1
H. Bergman,1
Bilge,1
Talula,1
Ross Snow,1
Jiggs Mahoney,1
(Father),1
May Donohue,1
Mrs Jiggs Mahoney,1
(Mother),1
Betty McNeel,1
Elinor Mahoney,1
(Their Daughter),1
Edith Frost,1
Peggy Mahoney,1
(Their Youngest Daughter),1
Grace Ady,1
Mrs. Holmes,1
(Of Society),1
Cecelia Navagio,1
Perlie Holmes,1
(Her Daughter),1
C. Fred. Hodges,1
Billy McGee,1
(From the Movies),1
Elven E. Hodges,1
Oswald   ,1
(Mrs. Holmes' Butler),1
Jesse H. Jacobson,1
Tom Hamilton,1
(A Real American),1
George M. Smith,1
Count Castillion,1
(An Adventurer),1
Dave Conroy,1
Mr. Sullivan,1
(From Dubuque),1
Dick Simmons,1
(The Gardener),1
Annette Collins,1
James Bradbury,1
Israel Putman Hubbard,1
Louise Sydmuth,1
Mrs. I. P. Hubbard,1
Frank M. Thomas,1
Allan Hubbard,1
Maude Turner Gordon,1
Mrs. Dorcas Burnham,1
F. J. McCarthy,1
Captain Nathan Hodge,1
Arthur Hoyt,1
Evander Hitchborn,1
John McKenna,1
Pliny Bangs,1
"Messrs. Ehrig, Ambacher, Klein, O. Moulter, R. Moulter, Houst and Lansor",1
Old Port Silver Cornet Band,1
Vivian Wessell,1
Annabelle Burnham,1
Joseph Kilgour,1
Col. Miles Standish Bradford,1
Wilheml Rausmitt,1
Babe Smith,1
Louise Griffith,1
Alfred Rafael,1
Bunny Boy,1
Percy Leach,1
The Director and The Villain,1
Alma Holt,1
Miss Linch,1
Evelyn Sylvester,1
Marie Stone,1
Amateur Actress,1
Jack Stansfield,1
Camera Man,1
Eddie Lambert,1
Assistant to Director,1
Jeanette Dix,1
students at K College,1
a matron of the Girls' Dormitory at K.,1
Miss Grace Grindell,1
Miss Louise Gale,1
Mr. Henry Detloff,1
Cissie Shatten,1
Anna Sayce,1
Millie Lorraine,1
Mittie Bright,1
Helen Luchs,1
Alice Clifford,1
Marjorie Cogan,1
Rita Mason,1
Lew Page,1
Nettie Hamilton,1
Edna Ford,1
Vera DeFord,1
Minnie Monroe,1
Russell Griswold,1
Cicero Hannibal Butts,1
"manufacturer of C. H. B. Corsets, and Colonel in the New York State National Guard, U.S.A.",1
Jean Newcombe,1
Violet Butts,1
Harry Clarke,1
Oswald Butts,1
Flora Zabelle,1
Anna Varvara,1
"""The Red Widow""",1
Ann Pennington,1
John Hendricks,1
Ivan Scorpioff,1
"Chief of the Third Section, Russian Secret Police",1
James Donnelly,1
Baron Maximillian Scareovich,1
Lincoln Plumer,1
Dick Graham,1
"manager of the Hotel de l'Europe, St. Petersburg",1
Tantul Popova,1
"a waiter, president of a group of Nihilists",1
Theodore Martin,1
Captain Basil Romanoff,1
of the Imperial Body Guard,1
Augusta Lang,1
Princess Sophya,1
A Nihilist,1
Manager of the Alcazar Music Hall,1
Patron of the Play,1
Gentleman,1
Vivian Rogers,1
Lady Usher,1
Dancing Girl,1
Miss Courtney,1
Daisy Marshall,1
Lady in Waiting,1
Soldier of the Czar,1
Mattie Vance,1
"Misses Cantor, Darling, Devore, Rogers, Pauly, Gildea, Watson, Wood, Mangasarin, Dickson",1
Chorus: Court Ballet,1
"Misses Cantor, Gildea, Darling, Devere, Dickson, Mangasarin, Pauly, Wrenn, Rogers, Wood",1
Chorus: Dancing Girls,1
"Misses Kitty Devere, Vivian Rogers, Anna Pauly, Mary Gildea, Beck Wood, Christine Mangasarin, Nina Goulette",1
Chorus: Lady Ushers,1
Poney Cantor and Fay Darling,1
Chorus: Bar Maids,1
Clerk of the Hotel de l'Europe,1
William Lafferty,1
Ovak,1
Lee Carrier,1
Adyk,1
D. Dickson,1
Paskof,1
Clara Schroeder,1
Countess Alexandra,1
John Park,1
Jack Bartlett,1
Georgie Mack,1
Stumpy,1
Louise Gunning,1
Maud Turner Gordon,1
Mrs. Pompton,1
Marguerite Farrell,1
Rose Green,1
H. Hooper,1
Hans Hippel,1
Pietro Canova,1
Pietro Nuttino,1
Katherine Stossel,1
Edith   ,1
Albert Sachs,1
Footman,1
Ella Yuhen,1
Second Glassblower,1
Miss McKay,1
Marjorie Edwards,1
Madge,1
Miss Brown,1
Edith,1
Marie Elliott,1
Hazel,1
Adele Archer,1
Mrs. Vandeveer,1
Miss Gunning,1
Edwin Lyle,1
Sir Harry Blake,1
an Irish adventurer,1
Silas Slick,1
Captain Dick's servant,1
Jas. S. Murray,1
Rudolfo,1
keeper of Marionette Theatre,1
Franchon,1
Irene ,1
Mlle. Emma Trentini,1
Marietta D'Altena,1
August Behrens,1
Felice,1
Fanchon,1
"Reynods, Hearst, Auersman, Marx",1
Italians,1
"Misses Cassani, Le Clair, Allen, Schroeder, Reinhart",1
French Girls,1
"Misses Franko, McClellan, Jeanette, Simon, Birt",1
Spanish Girls,1
"Misses Baldwin, Keenan, Behrens, Leighton, Pullman, Tagart, Chaufrane, Davis, Elliott, Marsel, Franzen, Rohan",1
Quadroon Belles,1
"Messrs. Fisher, Speedling, Klein, Tiernauer, Marx, Silver, Lavitz, Robinson, Rosenbloom, Levine, Sobelson, Erzhoff, Auersman, Hearst, Sachs",1
Captain Dick's Followers,1
a Flower Girl,1
Margery Seaton,1
John Seaton,1
Florence Reed,1
Marya Varenka,1
Sydney Booth,1
Julian Rolfe,1
Edwin Arden,1
Baron Stepan Andrey,1
Harry Hilliard,1
Count Nikolai Rostov,1
Edwin Maxwell,1
Petrov Paviak,1
Michael Wilens,1
Polish servant at Baron Andrey's,1
Monsieur Zoubatoff,1
Kalman Matus ,1
Kalman Matus,1
Henry Wynnegate's mother,1
Henry Wynnegate's sister,1
White Gold,1
David Belais,1
Clothing,1
A. W. B. Boulevard,1
Horton's,1
Nick,1
Andy,1
foreman of Carston's Ranch,1
Shorty Edwards,1
Othello Montgomery Jeffries,1
"better known as ""Little Jeff""",1
Young American civil engineer,1
Curley McBride,1
"of Harlem, a friend of Weyler's",1
Geo. W. Barbier,1
John Meade,1
a Chicago multi-millionaire,1
Robert Bernard,1
Antonio Bosco,1
Nickadorian Minister to U. S.,1
Tom Jafolla,1
Jim Montgomery,1
soldier of fortune,1
Noel Fahnestock,1
Wireless Operator,1
"of the Steamer ""Insurgent""",1
Charles Newton,1
Gateman,1
Saratoga Racetrack,1
Mabel Melvine,1
Dorothy Meade,1
daughter of John Meade,1
Viola Hopkins,1
Senorita Roena Cirrillo,1
daughter of the Nicadorian President,1
Isabel Daintry,1
Jessie May,1
maid to Dorothy,1
Marion Davis,1
Pearl Dehl,1
Arthur Delmore,1
Isabel Groves,1
"a young American civil engineer, in love with Roena",1
"of New York and elsewhere, doing the best he can",1
Murphy  ,1
(Court Officer),1
Lena Pinaud,1
The Counsel for the Defense,1
Estelle Thebaud,1
The Plaintiff,1
Kitty Lawrence,1
Miss Philadelphia,1
William H. Thompson,1
Mark Manisty,1
attorney-at-law,1
Mary Manisty,1
John H. Greene,1
Noel Frobisher,1
their friend,1
Thomas,1
Bernard Gorcey,1
The Defendant,1
Daisy Belmore,1
The Judge,1
Elsie Wheeler,1
Miss Peevish,1
Margaret Connyee,1
Miss Sorrow,1
Murphy,1
Court Officer,1
Mr. Sherman Wade,1
Phillippe,1
janitor (Catharine's husband),1
Miss Alice Palmer,1
Lulu,1
an actress and dancer (Edouard's sweetheart),1
Miss Elizabeth Murray,1
Catharine,1
Edouard's housekeeper (Phillippe's wife),1
Lina Abarbanell,1
"Edouard Sherry, a New York man about town",1
nephew of Theophilus Sherry,1
Miss Frances Cameron,1
Pepita,1
Leonard's sweetheart,1
a millionair connoisseur of Greek Art,1
Mr. A.G. Pyke,1
Ella Ray,1
Loy De Puyster,1
Jeannete D'Arville,1
Edouard Sherry ,1
a New York man about town (nephew of Theophilus Sherry),1
Miss Lina Abarbanell,1
Yvonne Sherry ,1
a convent girl (niece of Theophilus Sherry),1
a millionaire connoisseur of Greek Art,1
a pupil at the Sherry School of Aesthetic Dancing,1
Jeannette D'Arville,1
an importer,1
Stuart,1
Mr. Harry Fraser,1
Crane,1
his bookkeeper,1
Sarah Holmes,1
Mrs. Smalley,1
looking for her first job,1
Mrs. Meyer,1
her mother ,1
a father,1
Mrs. Scott,1
Josephine,1
Rollins ,1
now a stenographer,1
Stuard,1
Dollie,1
Mr. Russell Griswold,1
Miss Irene Castle,1
Miss Helene Todd,1
Miss May Hopkins,1
Miss Daisy Delmar,1
Miss Maude Worden,1
Mr. Forrest Young,1
Mr. Edward McNulty,1
Mr. Al. Leech,1
Mr. Joseph Santley,1
Miss Lilian Herlein,1
Miss Bessie Clifford,1
Miss Helen Hayes,1
Miss May Maloney,1
An indignant Italian,1
Miss Grace Gilbert,1
Gerald Rogers,1
Mr. Chiswick,1
Raymond Van Rensselaer,1
Lieut. Markwell,1
Emily Lorraine,1
Mrs. Hiram Doolittle,1
William T. Hays,1
Mr. Hiram Doolittle,1
William Faversham ,1
"Colonel J. N. Smith, D. S. O.",1
Stanley Dark,1
Halbert Brown,1
"Admiral Grice, R. N.",1
Henry Vaughan,1
Honorable Robert Tarver,1
Wallace Widdecombe,1
Malcolm Owen,1
Henry Steele,1
Gertrude Hitz,1
Phyllis Faraday,1
Helen Langford,1
Madge Rockingham,1
Juliet Fremont,1
Evelyn Trenchard,1
Mr. Faraday's Daughter,1
Martin,1
"Colonel J.N. Smith, D.S.O.",1
Mr. Wallace Widdecombe,1
Mr. Stanley Dark,1
Franchon Finnegan,1
Lotta Linthicum,1
Rosalind Bromleigh,1
sister of Lord Bromleigh,1
Jane Marbury,1
Alice Hale,1
a wealthy American girl,1
Edwin Cushman,1
William,1
Charles P. Morrison,1
Richard Ainsley,1
Jerry Ainsley,1
Tom Hale,1
brother of Alice Hale,1
Jeanne Eagles,1
Dorothy Ainsley,1
"daughter of Richard Ainsley, a wealthy American",1
James C. Spottswood,1
Charles Griffith,1
a newspaper correspondent,1
Nannie Palmer,1
Leo Ditrichstein,1
Gabor Arany,1
Kathryn Tyndall,1
Eva Wharton,1
Belle Theodore,1
Cora Witherspoon,1
Miss Merk,1
Edna Griffin,1
Fanny Martin,1
Agnes Barrington,1
Claire Flower,1
Lilly Cahill,1
Natalie Moncrieff,1
Eleanor Hall,1
Laura Sage,1
Adelaide Barrett,1
Edith Gordon,1
Stephen Davis,1
Jessie Crommette,1
Granny,1
Bridget O'Riley,1
Maud Hosford,1
Miss Margaret Flinn,1
Edith Luckett,1
Mona Cairn,1
Dennis O'Malley,1
Charles E. Verner,1
Squire Linnering,1
Fleming Ward,1
Lawrie Linnering,1
Richard Quilter,1
Mr. O'Dowd,1
Bessie LeaLestina,1
Mrs. O'Dowd,1
Nina Saville,1
Walter Colligan,1
Mr. McGinnis,1
Frank Whitman,1
Harriet Leidy,1
"""Patsy"" DeForest",1
Carl Mayer,1
Ann Murdock,1
Helene De Trevillac,1
Mrs. Thomas Whiffen,1
Madame De Trevillac,1
Helene's Grandmother,1
George Hubbard,1
Serignan,1
Robert Entwistle,1
Doctor Pinbrache,1
Frank Morgan,1
Remi,1
Francis Landy,1
Conrad Cantzen,1
Didier,1
Marian Nichols,1
Mr. Wm. F.  Edwards,1
Gibson,1
their servant,1
Mr. Harry I. Fraser,1
"The Strange Lady ""Panthea""",1
Victor Browne ,1
Dr. Von Reichstadt,1
Frederick Clayton,1
Pablo Centeno,1
Minna Phillips,1
"""Panthea""",1
Clemine,1
her maid,1
Harry I. Fraser,1
Edmund Dalby,1
The Baron de Duisitort,1
Francois Bonito,1
Gilda Bonito,1
Virginia Wilson  ,1
Mathilde Vanier,1
Helen Young,1
Princess Malchy,1
Walter Hill,1
Count Stephanoff,1
Wm. F. Edwards,1
Agent of Russian Police,1
Mr. Frank Mason,1
R. S. Roberts,1
Harvey Watkins,1
Hester Armstrong,1
Della Darcy,1
Robert L. Dailey,1
Our Bob,1
the wanderer,1
James William Fitzpatrick,1
King Cotton,1
Frances Gordon,1
Serpolette Pochet,1
Flora Crosbie,1
Desiree,1
A Photographer,1
F. Newton Lindo,1
Pochet,1
Joseph Carey,1
The Hungry Man,1
Teddy Hudson,1
Zani Curzon,1
Gilberte,1
Margaret Morris,1
Irene O'Donnell,1
Minette,1
Gladys Zell,1
"Fred Wright, Jr.",1
Benevol,1
Lucien Garidel,1
Ruby Lewis,1
Polly Bowman,1
Nini,1
Scott Welsh,1
Bebe Guingolph,1
Hazel Dawn,1
Claudine,1
Frank Lalor,1
Philippe Donuidier,1
Theodore Lebec,1
Rouget,1
Maurice Hegeman,1
Dr. Mazou,1
W. Jackson Sadler,1
Pan  ,1
Viloini,1
Ywaxy,1
a violinist,1
Theodore Lebecq,1
Yvonne,1
"Janet Beecher, William Morris, Jane Grey, Cora Witherspoon, Belle Theodore, Julie Grey, Adelaide Barrett, Juanita Owen, James Kearney, Kathryn Tyndall, Lily Cahill, Agnes Barrington",1
Belasco Players,1
Mabel Taliaferro,1
Victoria Claffenden,1
Gail Claffenden,1
Aubrey Beattie,1
Judge Claffenden,1
Mabel Bert,1
Mrs. Claffenden,1
Junius Matthews,1
Barry Claffenden,1
Cristopher Bruce,1
Richard Sterling,1
Peter Van Horn,1
Regan Hughston,1
Max Norton,1
Jean,1
a man servant,1
Philip Cartwright,1
Sumner Gard,1
Monty Ward,1
Richard's brother,1
Guy D'Ennery,1
Suffern Thorne,1
Jeems,1
Daniel Squirrel,1
town policeman,1
Richard Fanning,1
Sandy,1
Mr. McSwatt,1
"The Misses Sadie Berger, Leona Bitter, Jane Hood, Sadie Hill, Lillian Whiting, Emily Powers",1
Minstrel Banderines,1
"The Messrs. Fred Roberts, Harry Prew, George Scannell, Harry Wilcox, Malcolm Grindell, Edward McNulty",1
"Waiters, Tourists, Etc.",1
"The Misses Adelaide Mason, Ruth Pecan, Eunice Hamilton, Edna Chase, Hazel Rosewood, Olive Carr, Elise Hamilton, Lola Curtis, Gertrude Moyer, Lynn Darcy, Nettie Lyon, Grace Grindell, Hazel Robertson, May Willard, May Hopkins, Gladys Feldman, Gladys Breston, Hermoine Brown, Edna Caruthers, Elsa Reinhardt, Emily Miles, Madge Vincent, Martha Dean, Vera Olcott, Katherine O'Neil, Marjorie Purcell",1
Highland Laddies,1
"The Misses Pattie Rose, Fay Tincher, Louise Owen, Flora Russell, Amelia Abrams, Vinnie Mason, Clara Lloyd, Libbia Diamond, Beatrice Capulet, Nancy Smith",1
"Highland Lassies, etc.",1
"The Misses Lola Curtis, Fay Tincher, Hazel Rosewood, Pattie Rose, Louise Owen, Eunice Hamilton, Adelaide Mason, Ruth Pecan, Olive Carr, Elise Hamilton, Vinnie Mason",1
"Chappies, Artists, etc.",1
"The Misses Beatrice Capulet, Louise Abrams, Gertrude Moyer, Emily Miles, Clara Lloyd, Nancy Smith, Flora Russell, Libbia Diamond, Madge Vincent, Edna Chase, Frances Nelson, Sadie Carr, Marjorie Purcell, Frances Duront, Vera Olcott, Katherine O'Neill",1
"Grisettes, Flower Girls, Clowns, etc.",1
"The Misses Elsa Reinhardt, May Willard, May Hopkins, Gladys Breston, Hazel Robertson, Lynn D'Arcy, Edna Caruthers, Gladys Feldman, Hermoine Brown, Nettie Lyon, Grace Grindell, Martha Dean",1
"Tourists, Gendarmes, Vivandieres, etc.",1
T.E.B. Henry,1
Sergeant Dudley,1
of Morrison's command,1
Corporal Dudley,1
his brother,1
John C. Hickey,1
Harry O'Connell,1
a trooper,1
M.A. Kelly,1
Sergeant of the Guard,1
Franklyn Horton,1
Judson,1
Charles Lawrence,1
Collins,1
John C. Leslie,1
Frederic Morris,1
Courier,1
William Farnum,1
Captain Herbert Cary,1
a Confederate scout,1
Percy Haswell,1
Mrs. Herbert Cary,1
Juliet Shelby,1
Virgie,1
George Thatcher,1
a slave,1
Mamie Lincoln,1
Sally Ann,1
a nurse,1
Lawrence Merton,1
Jeems-Henry,1
"a ""runaway""",1
Fred Kley,1
Forbes,1
his Adjutant,1
Dustin Farnum,1
"Lieut. Col. Morrison, U.S. Cavalry",1
William B. Mack,1
"The General, U.S. Army",1
Lieut. Harris,1
Morrison's aide,1
Zaza ,1
E.M. Holland,1
Zaza,1
Joseph Monehan,1
Veauchenu,1
an old cafe lounger,1
Nedra Depp,1
cashier in The Little Cafe,1
Maurice Cass,1
Philibert,1
proprietor of The Little Cafe,1
Roy Hoyer,1
Marjorie Gateson,1
Philibert's daughter,1
John E. Young,1
Albert Loriflan,1
waiter in The Little Cafe,1
Blanche Morrison,1
Katziolinka,1
a Hungarian singer,1
Helen Larkins,1
Ilsa,1
Irene Medora,1
Alma,1
Laura Lyle Smith,1
Isabel,1
a midinette,1
Charles Anderson,1
Harry Depp,1
Adolphe,1
glass washer in The Little Cafe,1
Albert Stuart,1
Anatol,1
John Alexander,1
Edmond,1
a young man about town,1
Edna Munsey,1
Gaby Gaufrette,1
queen of the night restaurants,1
Colin Campbell,1
Prince Max of Galmania,1
F. Stanton Heck,1
Colonel Klink,1
his aide-de-camp,1
Margaret Anderson,1
Oola,1
Deputy Commissioner Garvey,1
Paul Everton,1
of the Central Office,1
Maidel Turner,1
Memphis Bessie,1
a retired shoplifter,1
Josephine Victor,1
Myrtle Sylvester,1
Edward J. Mack,1
Old Tom,1
John Barrymore,1
Katherine La Salle,1
Molly,1
Annie Mack Berlein,1
Mrs. Halloran,1
Katherine Harris,1
Daisy,1
Charley Cary,1
Molly's brother,1
Noel Arnold,1
Gus ,1
Jack Diggs,1
Possessed of more ancestry than income,1
Whose rank leads him into a flirtation with...,1
Miss MacDonald,1
Charles W. Meyers,1
the town sleuth,1
Miss Frances Du Barry,1
Josie,1
Edward Metcalf,1
Vincent Sullivan,1
Isabel C. Francis,1
Miss Gertrude Rudd,1
Mr. Edward Metcalf,1
Mr. Charles W. Meyers,1
"The town sleuth, who imagines his mission in life is to capture Black Wenzel, a notorious robber, and who suspects everybody, including",1
Miss Elizabeth Bell,1
One of the Spring girls,1
"Possessed of more ancestry than income, meets",1
Mr. Arthur Thalasso,1
Who is trying to get thin,1
Miss Gertrude Holland,1
Elsie,1
Miss Beatrice Singer,1
Miss Anitra MacTavish,1
Miss Isabel C. Francis,1
Mr. Vincent Sullivan,1
Who is trying to get stout,1
Mr. Albert Van Sand,1
Mr. Jack Gibson,1
Eugene,1
Mr. R. Rhys,1
Vladimir,1
Mr. Dick Van Dyck,1
Louis,1
Mr. Karl Porter,1
Niki,1
Mr. Otto Wilson,1
Toni,1
an Officer,1
Miss Violet Laurel,1
Barbara,1
Miss Anitra McTavish,1
The Huntsman,1
Edward Kline,1
Extra,1
Miss Bowen,1
The Rabbit,1
Miss Beth Stone,1
The Water Sprite,1
Mr. Arthur Thelasso,1
Lew Welch,1
a Boss,1
Edward Shoben,1
Marks Pasinsky,1
Buyer,1
Joseph Sterling,1
Boris Andrieff,1
"Fred Fleck, Jr.",1
Mozart Rabiner,1
Salesman,1
W. H. Leyden,1
Senator Murphy,1
Capitalist,1
J. Irving Southard,1
The Mysterious One,1
Robert Barber,1
Sidney,1
Office Boy,1
Lester Williams,1
The Impatient One,1
Walter Smith,1
U. S. Deputy Marshal,1
Felix Schoen,1
Jane Fearnley,1
Ruth Goldman,1
Designer,1
Katherine DeBarry,1
Mrs. Potash,1
Abe's Wife,1
Jean King,1
Miss Cohen,1
Mildred Barker,1
Irma Potash,1
Abe's Daughter,1
Francisca Rotolio,1
Miss Levine,1
Maid  ,1
Lew Weich,1
The Bosses,1
Thos. J. Tempest,1
Henry D. Feldman,1
Lawyer,1
Frank Maher,1
U.S. Deputy Marshals,1
Jules Jordan,1
Abe Potash,1
one of the Bosses,1
Mabel Vanette,1
Miss Nelson,1
Mrs. Frank Chapman,1
Ma Hopkins,1
Ethel Munson,1
Tishie Standifer,1
a charity scholar,1
Ella Hughes,1
Margery Melrose,1
Clare Evans,1
Obadiah Odlum,1
an Indiana product,1
Graham Earle,1
Pa Hopkins,1
Corwin Luskmoor,1
for the railroad and himself,1
Josephine Baldwin,1
Parthenia Peckover,1
who runs a seminary,1
John A. Robb,1
Bart Varnum,1
a star halfback,1
Katherine Maddox Wayne,1
Elsie Van Ness,1
from the city,1
Frank Minzey,1
Ridy Scarboro,1
Jessie Ralph,1
Mrs. Dole,1
Margaret McWade,1
Susan,1
Ethel Toscani,1
Warner Oland,1
Stanard Dole,1
George W. Barnum,1
Professor Damaroff,1
Harrison Hunter,1
Dr. Bristol,1
Gertrude Dalton,1
Florence,1
R. H. Hudson,1
Ambrose Lorimer,1
Frances Kennedy,1
"""Sage Brush"" Kate",1
Otto Schmaltz,1
Donald Macdonald,1
"""Brick"" Oldham",1
E. L. Fernandez,1
Bad Jake,1
Barney Barnes,1
Wallace Owen,1
Long Jim,1
William Pruette,1
Big Regan,1
Allen Kearns,1
"""Slim""",1
Thomas Fulton,1
A Chinaman,1
Katherine Belkan,1
Parrot,1
Millie Dupree,1
Catherine Milligan,1
Helen Lee,1
Geraldine La Meer,1
Mildred Barret,1
Anita Barretto,1
Lillian Lawrence,1
Jane Barry,1
Sally Ronayne,1
Madge Giffin,1
Dorothy Stevens,1
Marjorie Barnes,1
Louise Grant,1
Laura Brown,1
F. Carey,1
F. More,1
J. Maloney,1
J. Mills,1
Wallace Ford,1
Cori,1
Wilfred Draycott,1
"Baron Radvanyi,",1
a Colonel of Hussars,1
Bianca Robinson,1
her seventh,1
Jean Murdoch,1
"Mici, ",1
her fourth,1
Edith Page,1
Terka,1
her fifth,1
Mrs. Adeline Stanhope Wheatcroft,1
Mrs. Gyurkovics,1
widow of an army officer,1
John B. Hollis,1
Toni Teleky,1
a young professor of mathematics,1
Elizabeth McNiff,1
"Liza, ",1
her sixth,1
Gaston Bell,1
"Baron Gida Radvanyi,",1
Barbara Tennant,1
"Ella,",1
her third,1
Carlotta Doty,1
Sari,1
her second,1
Alice John,1
Katinka,1
her oldest daughter,1
Janko,1
a peasant,1
Charles Cherry,1
"Count Feri Horkoy,",1
Lieutenant of Reserves,1
Reginald Mason,1
Miska Sandorffy,1
an M.P. and Lieut. of Reserves,1
John S. Robertson,1
Larry Brice,1
Carrie ,1
Frederick Malcolm,1
Mr. Rolliston,1
E.Y. Backus,1
Mr. Applebee,1
Harry Davenport,1
Sammy Fletcher,1
Karra Kenwyn,1
Mrs. Julia Stickney Crane,1
Hazel Malcolm,1
Mrs. Shipman,1
Maud B. Sinclair,1
Mrs. Applebee,1
Lillian Thurgate,1
Mrs. Rolliston,1
E. Y. Backus,1
Barnes,1
Carrie,1
Asa,1
Basile,1
Cowboys on Carston's Ranch,1
Bates,1
Edward Lockyer,1
Clayton Fitzhugh,1
Fred A. Sullivan,1
Timson,1
Isaac Burroughs,1
Peachie Mulien,1
Lieutenant Shapeleigh and Pierre Boulmiche,1
a boulevadier,1
a female villan,1
Edward McNulty,1
Malcolm Grindell,1
George Scannell,1
Harry Prew,1
Emily Powers,1
Sadie Hill,1
Mabel Hill,1
Vinnie Mason,1
Ruth Pecan,1
Eunice Hamilton,1
Louise Owen,1
Hazel Rosewood,1
Edna Leonard,1
Claudia Esmond,1
Marjorie Purcell,1
Libbia Diamond,1
Nancy Smith,1
Louise Abrams,1
Elaine Hall,1
Grace Grindell,1
Edna Caruthers,1
Lynn D'Arcy,1
Hazel Robertson,1
May Hopkins,1
Leonard McGarvey,1
First Tenor,1
Martin Hickey,1
Second Tenor,1
Walter White,1
Edgar Allyn,1
Bass,1
Will Oakland,1
a dragoman,1
a servant at the mission,1
Anthony Andre,1
Mahmout Azoor,1
an Armenian merchant,1
the Governor,1
a bazaar merchant,1
Joseph Kisher,1
A Barber,1
G. H. Beurmann,1
the Goveror's aid,1
Mahmout Azoor's Son,1
The Governor,1
A Bazaar Merchant,1
A Dragoman,1
A Servant at the Mission,1
Adelaide Prince,1
Betty Jackson,1
Edith Campbell,1
Countess Manuela Valencia,1
Alice Claire Elliott,1
Fanny Owens,1
Bruce McRae,1
Duke of Moreland,1
Rex McDougall,1
Ned Stephens,1
Westropp Saunders,1
Daisy Adams,1
Florence LeClercq,1
Red Queen,1
Tommy Tobin,1
White Rabbit,1
Mock Turtle,1
March Hare,1
Frog Footman,1
Kenyon Bishop,1
Duchess,1
Cheshire Cat,1
Queen of Heart,1
Caterpillar,1
Joe Barlow,1
Two of Spades,1
Five of Spades,1
G. Berliner,1
Seven of Spades,1
the Hotel Detective,1
Edwar Garvie,1
Wm. S. Lyons,1
T. J. McMahon,1
Wm. Eville,1
F. C. Butler,1
(ex-Wilson),1
Tobby McGirk,1
ex-Wilson,1
F.C. Butler,1
T.J. McMahon,1
A Comedian,1
James Gardner,1
Another Comedian,1
Wilmer Bentley,1
Bertie Snyder,1
Beatrice Noyes,1
Flossie Day,1
James Cody,1
A Traveling Salesman,1
Charles E. Sturges,1
Hiram Gee,1
Adelle Adams,1
Sadie Randall,1
Sam Lipman,1
Lucille Higgins,1
(known as Lucille Le Jambon),1
Frank Hand,1
A Newsboy,1
Raymond Van Sickle,1
Robert Griswold,1
Frank Beamich,1
David Grayling,1
Marion Stephenson,1
Della Cooke,1
G. Davison Clark,1
John Griswold,1
Charles Mathews,1
Lem Short,1
Cherrie Carlisle,1
Claire Higgins,1
Helen Leslie,1
A Housekeeper,1
Alice Warren,1
Mrs. Beckwith,1
George Parsons,1
William Hallowell Magee,1
the novelist,1
Jessie Graham,1
Mrs. Quimby,1
the caretaker's wife,1
Eva Mae Francis,1
Mary Norton,1
the newspaper reporter,1
Lorena Atwood,1
Mrs. Rhodes,1
the charming widow,1
Joseph Allen,1
the hermit of Baldpate,1
Jeanette Horton,1
Myra Thornhill,1
the blackmailer,1
Roy Fairchild,1
Lou Max,1
"the Mayor's man ""Friday""",1
Martin L. Alsop,1
Jim Cargan,1
the crooked Mayor of Reuton,1
Claude Brooke,1
Thos. Haydan,1
the millionaire President of the R. & A. Suburban,1
Carleton Macy,1
Jiggs Kennedy,1
chief of police of Asquewon Falls,1
