,44
William Collier,33
Fay Templeton,31
Helena Collier Garrick,31
Frankie Bailey,25
"The News of the World, Illustrated by Moving Pictures",23
John T. Kelly,23
Joe Weber,21
George Beban,21
Pattie Rose,20
George Drumm's Bronx Theatre Orchestra,20
Adelaide Mason ,18
Gertrude Moyer,18
Bessie Clayton,17
Lillian Russell,16
Joseph Torpey,16
Hazel Kirke,16
Elsa Reinhardt,16
Edna Chase,15
Signor A. Romeo,14
Lew Fields,14
Ada Lewis,14
Mr. Hugh Cameron,14
Weber and Fields Jubilee Company,13
Madge Vincent,12
Julius Schroeder,12
Grace Emmons,12
Dorothy Morton,12
Albert Busby,12
Joseph Phillips,12
Fay Tincher,11
Miss Ray Cox,11
Hazel Allen,11
Christine Nielsen,11
George Madison,11
John Rogers,11
Dorothy Jardon,11
Edward Martindel,11
Julian Eltinge,11
Olive Carr,10
George W. Monroe,10
Denman Maley,10
Will Archie,10
Bessie Clifford,10
Miss Artie Hall,10
Helen Hayes,10
Vera Finlay,10
Maude Gray,10
Nan Brennan,10
Harry Russell,10
Charles Angelo,10
John McCloskey,10
Arthur Cunningham,10
William Brandt,10
Rose Barnet,10
Jess Dandy,9
Joseph Santley,9
May Maloney,9
Grace Gilbert,9
Cassie Meade,9
Mr. Bobby North,9
L. Parmet,9
Fritzi von Busing,9
Albert Sackett,9
Edward Adams,8
Fred Sidney,8
Mr. Leslie Powers,8
Kenneth Ryan,8
May Tormey,8
Olga Harting,8
Miss Myrtle Gilbert,8
Miss Flo May,8
Mr. Max Rogers,8
John Crawford,8
Al. Leech,7
Adelaide Mason,7
Mr. Harry Cooper,7
Miss Virginia Evans,7
Mr. Carter De Haven,7
Miss Christine Nielsen,7
Mr. William Montgomery,7
Gracia Hammond,7
Sally Daly,7
Celie Pink,7
Philip Sohlke,7
Raymond Hitchcock,7
Mrs. Sam Watson,7
Robert Hilliard,7
Robert Fisher,7
William Faversham,7
Blanche Bates,7
Emily Miles,6
Lilian Herlein,6
Fred Roberts ,6
Ida Lenharr,6
Mr. Byrd Goolsby,6
Miss Florence Moore,6
Beth Summerville,6
Chauncey Olcott,6
Edward Garvie,6
Gladys Feldman,6
Walter Regan,6
Doris Olsson,6
Rose Stahl,6
Elise Hamilton,5
"The Kinetophone, Talking-Motion Pictures",5
Gertrude Hoffmann,5
Martha Dean,5
Arthur Hoops,5
Marie Lauro,5
Hermine Shone,5
James F. Dolan,5
"Billy ""Swede"" Hall",5
Mr. Hilarion Ceballos,5
Miss Frances Ross,5
Mr. Lew Fields,5
Carl Copeland,5
Earl O. Schenck,5
Jane Millard,5
Mr. S. Nunziato,5
Martin DeLaney,5
Will J. Kennedy,5
Anna Laughlin,5
Louise Mink,5
Lethia Gray,5
Louise Burnett,5
George Schaeffer,5
Alice Wilson,5
Lewis S. Stone,5
Henry Thompson,5
Grace Barbour,5
Alison Skinner,5
Rose Melville,5
Vivian Tobin,5
Himself,4
Pat Rooney and Marion Bent,4
Valerie Serice,4
Paul Dietz,4
Christian Rub,4
Willy Frey,4
Hans Hansen,4
Elise Hamilton ,4
Kathleen Neaves,4
Jack Devreaux,4
Bessie Wynn,4
Arthur Deagon,4
Blanche Walsh,4
Berton Churchill,4
Lola Curtis,4
Rosalind Coghlan,4
Henry Bergman,4
Gladys Breston,4
Morris Bodington,4
Lora Lieb,4
Mabel Allen,4
Hugh Cameron,4
Harry Wilcox,4
Ethel Wheeler ,4
Mr. Frank Whitman,4
John Downer,4
Ida Ellis,4
H. H. Forsman,4
Frank Bell,4
James Galloway,4
George Wender,4
C. R. Middleton,4
Miss A. Baroni,4
Mr. V. Navarrini,4
Mme. A. De Vien,4
James B. Carson,4
Jefferson De Angelis,4
Purnell B. Pratt,4
Arthur McWatters,4
Grace Tyson,4
Sallie Stembler,4
Albert Hart,4
Junie McCree,4
Bobby Barry,4
Margaret Taylor,4
Ann Murdock,4
Helen Ware,4
David Montgomery,4
James Spottswood,4
James E. Sullivan,4
Jean Morrell,4
Blanche Babbitt,4
Dorothy Landers,4
Miss Hazel Allen,4
Miss Ethel Wheeler,4
Willis Browne,4
Julia Hoyt,4
Elizabeth Bellairs,4
H. Cooper Cliffe,4
Burr McIntosh,4
Riley Hatch,4
Frank Martins,4
Curley Judge,4
Harold Salter,4
Mr. Louis Silvey,4
Minna Phillips,4
Mrs. Charlotte Wade Daniels,4
Thomas F. Tracey,4
"Henry Miller, Jr.",4
Daisy Adamy,4
Frederick Wallace,4
George Abbott,4
Frank Sylvester,4
Henry Stockbridge,4
Herbert Ayling,4
John E. Young,4
Helen Lowell,4
Robert Edeson,4
William Handel,4
Frank Stirling,4
Bernice Golden,4
Jules Unger,3
Virginia Harned,3
Valeska Suratt,3
Emily Darrell and Charley Conway,3
"Minnie Allen, Singing Comedienne",3
Maude Leslie,3
Louis Praetorius,3
Rudolf Christians,3
Selma Weber,3
Willy Wahl,3
Rudi Rahe,3
Heinrich Marlow,3
Isabelle Lowe,3
Wellington Cross and Lois Josephine ,3
Julia Carle,3
Ben Deely and Company,3
Montambo and Wells,3
Marie Wayne,3
Valerie Bergere and Company,3
Harry M. Smith,3
Mabel Woodrow,3
Chas. Edwards,3
Jimmy Casson,3
Betty Bond,3
Fannie Morse,3
John Barrymore,3
Herbert Warren,3
Valerie Bergere,3
Effie Bordine,3
"McDevitt, Kelly and Lucey",3
Mlle. Minni Amato,3
Gertrude Barnes,3
Lillian Herlein,3
Amy Lesser,3
Genevieve Cliff,3
Richard Pitman,3
Hermine Shone and Company,3
Eva Davenport,3
May Willard,3
Vera Olcott,3
Flora Russell,3
Mrs. Louis James,3
Clark and Bergman,3
Jessie Busley,3
Gertie O'Connor,3
Blossom Seeley,3
Mr. George W. Monroe,3
"Joseph Herbert, Jr.",3
Jack Henderson,3
Louis J. Winsch,3
Stewart Baird,3
Eleanor Lawson,3
Margie Cogan,3
Charles Miller,3
Neinda Snow,3
Lillian Elliot,3
Ruth Hanson,3
Jennie Colburn,3
Patrick Walsh,3
Sam Watson,3
Charles Mitchell,3
Charles King ,3
Joseph Kane,3
Irene Castle,3
Marjorie Blythe,3
Rosalie Ceballos,3
Donald Archer,3
Henry Norman,3
Jack Tate,3
Joseph Allenton,3
Mr. Julius Schroeder,3
Mr. Harry Russell,3
Beatrice Capulet,3
Florence Roberts,3
Mr. Will Archie,3
Arthur Astill,3
Blanche Shirley,3
C. H. Carlton,3
Jesse Thorn,3
Alice Evartson,3
M'liss Merrill,3
Elfrida Wagner,3
Mr. T. Kittay,3
Mr. G. De Carli,3
Mr. G. Mauro,3
Mme. A. Frery,3
Kitty Gordon,3
Grete von Mayhof,3
William Welp,3
Louis La Bey,3
Arthur Shaw,3
William Soames,3
William T. Clark,3
Katheryn Beach,3
Charles Wellesly,3
Robert V. Ferguson,3
F. Gatenby Bell,3
Jennie Lamont,3
Edith Taliaferro,3
Hayward Ginn,3
Fiske O'Hara,3
Daniel Lawler,3
Marie Quinn,3
Lou Ripley,3
Lisle Bloodgood,3
Gilbert Douglas,3
Charles W. Butler,3
Frank Wentworth,3
Carrie E. Perkins,3
Winona Winter,3
June Mathis,3
Louise Orth,3
Miss Jessie Busley,3
Miss Louise Carver,3
Mr. Thomas Murray,3
Mr. Charles Mitchell,3
Mr. Vernon Castle,3
Miss Elizabeth Brice,3
Mr. Charles King,3
Miss Blossom Seeley,3
Mr. Fred Roberts,3
Mr. Joseph Kane,3
Marie Caldwell,3
Louise Gunning,3
Harry Turpin,3
Marian Lee,3
Irene Cassina,3
T. Reynolds,3
Edward R. Mawson,3
J. Malcom Dunn,3
Winifred Harris,3
Frank Hollins,3
Bertram A. Marburgh,3
Bernard Durkin,3
William Frederic,3
Harry Hanlon,3
Frank Lyon,3
Chauncey Causland,3
Murray Darcy,3
Edmund Soraghan,3
Dorothy Cameron,3
Lina Abarbanell,3
Billy,3
Mr. A. G. Pyke,3
Billie Frances,3
Mr. Victor Browne,3
Miss Minna Phillips,3
Margaret Anglin,3
Walter Horton,3
Forrest Winant,3
Lionel Adams,3
Thais Magrane,3
Agnes Marc,3
Lee Kohlmar,3
Christie MacDonald,3
Mr. Ben Hendricks,3
Charles Cherry,3
Abraham Seror,3
Harry McCullom,3
Alfred Donohoe,3
Fred W. Permain,3
Geoffrey Stein,3
Walter Kingsford,3
Winifred Hanley,3
Foxhall Daingerfield,3
Willard Louis,3
Marie Haynes,3
Carl Harbough,3
Robert T. Haines and Company,2
Esther Van Eyting,2
Robert T. Haines,2
"Sammy Burns and Alice Fulton, in Terpsichorean Classics",2
Stella Mayhew and Billie Taylor,2
The Four Regals,2
Seth Dewberry (Himself),2
Mr. Ed. F. Reynard,2
Master Gabriel,2
Al. Lamar,2
"Bert Clark and Mabel Hamilton, England's Musical Comedy Stars",2
Louis Mann,2
"The Six American Dancers, A Sextette of Stylish Steppers",2
Fredrika Slemons and Company,2
John C. Rice and Sally Cohen,2
Mlle. Martha and Sisters,2
Ward de Wolf,2
John C. Rice,2
"The Grazers, In a Musical and Terpsichorean Novelty",2
Charles Dale,2
The Avon Comedy Four,2
Willard Mack,2
"Lynch and Zeller, The Bang! Bang! Boys, Clubmaniacs",2
Grace La Rue,2
Muriel Morgan,2
Percy Wenrich,2
"Bert Melrose, The International Dare-Devil Clown",2
Sam and Kitty Morton,2
Thomas A. Edison,2
Victor Moore and Emma Littlefield,2
Lee Smith,2
H. Von Tilzer,2
Lina Haenseler,2
Marie Kierschner,2
Heinrich Matthaes,2
Otto Stoeckel,2
Annie Simson,2
Auguste Burmester,2
Heinrich Falk,2
Ernst Robert,2
Rudolph Aicher,2
Marie Kirschner,2
Grete Meyer,2
Ernst Holznagel,2
Nellie Brewster,2
Frank Rushworth,2
William Heidloff,2
Kate Elinore,2
Eva Taylor,2
Louise Galloway,2
Lee Chapin,2
Olga Zalceff,2
"Edwin George, Comedian and Almost Juggler",2
Joseph Jefferson,2
May Hopkins ,2
Joseph H. Woodward,2
Ida May Chadwick,2
Paul Morton (of the Four Mortons) and Naomi Glass,2
"The Three Keatons, Joe, Myra and Buster, Fun's Funniest Family",2
Lulu Glaser,2
Charles Reisner and Henrietta Gores,2
"Hank Brown, Viola Harris, and F. Cann Brown, In ""Just To Laugh--That's All""",2
Valerie Bergere Players,2
Emmet Brisco,2
Mrs. Gardner Crane,2
Gardner Crane,2
A. Lemon,2
"Ismed, Sensational Turkish Piano Wizard",2
Claud and Fannie Usher,2
"Miller, Moore and Peters",2
Jack E. Gardner,2
A. Seymour Brown,2
"Will and Kemp, Acrobatic Oddities",2
Mary Nash,2
"Joe Welch, The Eminent Character Comedian",2
Harriet Rempel,2
Walter Woodall,2
"Courtney Sisters:  Fay and Florence, Songs",2
Katharine Kavanaugh,2
Margaret Murphy,2
Al Leech,2
"Maggie Cline, The Irish Queen",2
Arthur Black,2
Paul M. Brown,2
Wm. Hlavac,2
Mr. Crane,2
Mabel and Edith Taliaferro,2
"Wilbur C. Sweatman, Original Ragtime Clarionetist",2
"Fred Duprez, Monologist and Singing Comedian",2
Edith Speare,2
Claude Gillingwater,2
Edith Lyle,2
Dorothy Regel,2
Edna Ross,2
Rawls and Von Kaufman,2
"Bessie Wynn, The Lady Dainty",2
"Three Mori Brothers, Japan's Premier Entertainers",2
Caesar Rivoli,2
George Felix,2
Harry Smith,2
Ralph Lynn,2
Belle Blanche,2
Francis McGinn and Company,2
"Belle Blanche, The Prima Donna Comedienne",2
Harry Woodruff and Company,2
Kluting's Entertainers,2
Joe Jackson,2
Corinne Sayles,2
J. Francis Dooley,2
Truly Shattuck,2
Hal Davis,2
Sara Lewis,2
Inez Macauley,2
James M. Brophy,2
"Miss Norton and Paul Nicholson, In a Dramatic Cartoon by Miss Norton",2
Thos. A. Wise and Co.,2
Blanche Sloan,2
Dolce Sisters,2
Those Four Entertainers,2
Madden and Fitzpatrick,2
Lewis B. Madden,2
Teresa Allen,2
"The Peers, World's Greatest Comedy Bar Gymnasts",2
"Mary Elizabeth, The Dainty Boston Comedienne",2
Ralph Remley,2
Wm. H. Turner,2
W. H. Barry,2
Gus Edwards,2
"Erna and Anton Baliots, Gymnastic Novelty",2
"Billy Halligan and Dama Sykes, A Natural Comedian, and a Pretty Girl",2
Chas. C. Drew and Company,2
Minni Amato,2
Joe Wolf,2
Walter D. Nealand,2
Sterling Cheseldine,2
Jane Hood,2
Clara Lloyd,2
Frederick Macklyn,2
John Wray,2
"McMahon, Diamond and Clemence",2
"Sutton, McIntyre and Sutton",2
Sousa,2
Lillian Whiting,2
Fleurette,2
"Anna Chandler, In a Repertoire of Versatility",2
Dr. Carl Herman,2
Elsie Janis,2
"The Bracks, A Classy Risley Novelty",2
"Herbert Ashley and Al Lee, In a Fantastical Duologue, ""A Night in Chinatown""",2
"Jas. Dutton and Company, Society Equestrians",2
Helen Wilton,2
Bernard Woods,2
Jack Dean,2
Ollie Woods,2
James F. Dolan and Ida Lenharr,2
Jessie Buckley,2
Hugh Mack,2
Billie De Hon,2
Jack Rice,2
"Sally Daly, Ruth Hanson, Zoe Brown, Belle Snow, Grace Russell, Eva Burnett, Gertie O'Connor, Lillian Elliot, Isabella Burnside, Gertie Hudson",2
Adelaide Herrmann,2
Daisy Rudd,2
Diane Oste,2
Mr. Jess Dandy,2
La Scala Grand Opera Co.,2
Anna Orr,2
Margaret Poir,2
Fred Mason Emerson,2
Gertrude Aldrich,2
Edward Metcalfe,2
George Romain,2
Gertrude Barnard,2
George E. Mack,2
Josephine Poore,2
Charles Withers,2
Ralph Marthy,2
Robert N. Downing,2
W. J. McCarthy,2
Mr. Percy Weller,2
Victor Bozart,2
Joe Rogers,2
Jay Melville,2
Gertie Hudson,2
Belle Snow,2
Halle Crouse,2
Viola Williams,2
William Montgomery,2
Carter De Haven,2
Virginia Evans,2
Florence Moore,2
Harry Cooper,2
Max Rogers,2
Bobby North,2
Flo May,2
Myrtle Gilbert,2
Seymour Felix and Amelia Caire,2
Hanlon Brothers and Company,2
Carrie Demar,2
Clara Sexton,2
Horace Weston,2
Frank Watson,2
Jean Adair,2
Louise Carver,2
Thomas Murray,2
Vernon Castle,2
Frances Ross,2
Elizabeth Brice,2
Miss Billee Cuppia,2
Wood Goebel,2
Lily Hart,2
Frances Merivale,2
Ethel Shaw,2
Theodore Babcock,2
Percy Waram and Company,2
Frank Sherlock,2
"""Chuck"" Reisner and Henrietta Gore",2
"Jack Norworth, Songs and Things",2
"Nick's Roller Skating Girls, A Sextette of Stunning Beauties",2
Betty Swartz,2
Dennis Brothers,2
Arline Sheide,2
Miss Urat,2
Edw. Blondell,2
Matthews and Alshayne,2
Mr. John P. Wade And His Selected Players,2
Edna Whistler,2
Harry Lauder,2
Scottish Highlanders Band,2
Elmer Grandin,2
Helene Davis,2
Miss Nan Brennan,2
Violet Shaw,2
Mr. Denman Maley,2
Mr. Kenneth Ryan,2
Miss Elsa Reinhardt,2
Leona Bitter,2
Madeline Delmar,2
Tom Dunn,2
Charles Wyngate,2
Irene Enright,2
Miss Helena Aynsleigh,2
Miss Grace Menken,2
Gwen Dubary,2
Mr. Edward Adams,2
Six Musical Cuttys,2
Gertrude Meyer,2
Glenn Anders,2
Edna Selwyn,2
Evelyn Jones,2
Frank Muller,2
Alfred Borneman,2
Mr. F. Puliti,2
Mr. E. Ceccott,2
Mme. F. Monti,2
"Ben Ryan and Harriette Lee, In a Comedy Skit ""You've Spoiled It""",2
Stewart Jackson,2
Eleanor Sutter,2
Dorothea Sadlier,2
Ada Baldwin,2
Helen Meher,2
Grace Hall,2
Venita Fitzhugh,2
Carrie Burke,2
Grant Mitchell,2
James C. Marlowe,2
Frederick Seaton,2
Si Jinks,2
Carolyn Gordon,2
Wm. H. Boyd,2
S. Sasaki,2
Hale Hamilton,2
Daniel Sullivan,2
Fletcher Harvey,2
E. F. Taylor,2
Hal Frost,2
Bessie Cottrell,2
Else Dorset,2
Karl Steindler,2
Marie Serini,2
Lizzie Eckert,2
Ernst Naumann,2
August Meyer-Eigen,2
Ernst Werner,2
Lieschen Schumann,2
Hans Dobers-Kissling,2
Dora Bregowska,2
Otto Meyer,2
Jacob Brust,2
Marie Werner,2
Ice Cream,2
Franklyn Farnum,2
Burton Lenihan,2
Helene W. Davis,2
Edith Warren,2
Rita Bellaire,2
Susie McChroan,2
H. R. Haskell,2
Maxwell Kennedy,2
Richard Hall,2
Dick Stewart,2
Mabel Callon,2
Perry Alvarez,2
Ednah Bernard,2
Edith Thayer,2
Melville Anderson,2
Florida Bellaire,2
"Messrs. Doolan, Cryan, Lovie, Sachs, McCormack, Jackson, Landres, Rubinroff, Edward, Gold, Cardero, Pendergast, Reese, Brunner, Wilson, Nathan, Scott, Cody, Long, Drees, Rose, Bogart, Deem",2
Thomas Hardie,2
Fred. Waelder,2
Walter Thomas,2
Edwin Holland,2
Albert Bruning,2
Charles Foster,2
Olive Reeves,2
Ralph Theadore,2
John J. Pierson,2
Thomas Horton,2
Thomas J. MacMahon,2
Frances Alaine,2
Betty Scott,2
Billie West,2
Lea LeLand,2
Cecile Mayo,2
Flora Zabelle,2
Carroll Daly,2
George Brennan,2
Edmund Shalet,2
Katherine Clarendon,2
Carolyne McLean,2
Ilka Marie Diehl,2
Sadie Berger,2
Howard W. Marsh,2
Billie Busch,2
Eliza Glassford,2
Ada Deaves,2
Viola Fortescue,2
Leila Frost,2
Archie Boyd,2
Sam Coit,2
Eugene Weber,2
Miss Eva Benton,2
Marguerite Abbott,2
Barrett Greenwood,2
S. L. Richardson,2
"Frazer, Bunce and Moran",2
Solly Cohan and Company,2
The Bohemian Trio,2
Ethel von Waldron,2
Elizabeth Paige,2
Fred A. Stone,2
Edna Bates,2
Flossie Hope,2
Howard Dyott,2
Jane Sheridan,2
Evelyn Carroll,2
Fred Emerson,2
Fred Perrine,2
Peggy Preston,2
Dorothy Bertrand,2
Richard Taber,2
Edna Hunter,2
J. W. Wilson,2
Daisy Leon,2
Louise Groody,2
Irene Fenwick,2
Edgar Nelson,2
John Bunny,2
Dorothy Wilcox,2
Natalie Seymour,2
Marie Baxter,2
Mr. Sam Watson,2
Miss Marjorie Blythe,2
Miss Adelaide Mason,2
Miss Rosalie Ceballos,2
Miss Harriet Leidy,2
Miriam Sanford,2
Fannie Bradshaw,2
Fred Roberts,2
Stanley Fields,2
Ralph Harlowe,2
Martin Enwright,2
Poney Cantor,2
Charles Brown ,2
George O'Donnell,2
Dorothy Maynard,2
Mary Smith,2
J. Kern,2
Amy Russell,2
Neomi Sumers,2
Irma Bertrand,2
James Yuncu,2
George Wilson,2
Julia Bruns,2
Nellie Could,2
Marie Dolber,2
Carrie Lauders,2
Mlle. Emma Trentini,2
Henry Taylor,2
William W. Black,2
Harriet Marlotte,2
Vera De Rosa,2
Elizabeth Keenan,2
E. Tiernauer,2
David Klein,2
David Torrence,2
Wm. Steinway Lavine,2
Florence Reed,2
Edwin Arden,2
Emmett Shackleford,2
Josephine Royle,2
Willard Robertson,2
Herbert Ashton,2
Richard F. Freeman,2
William Naughton,2
W. H. Hallett,2
Mayme Kelso,2
Georgie Armstrong,2
La Arenera and Victor,2
"Leonard and Louie, Twentieth Century Gymnasts",2
"Four Florimonds, Jugglers on Free Ladders",2
William H. Thompson,2
Joe Errico,2
Helene Violette,2
Bonnie Harvey,2
Mabel Wilson,2
Fred J. Webber,2
Mr. John Reinhard,2
Mr. Jack Gardner,2
Mr. Dallas Welford,2
Eleanor Christie,2
Lillian Buchanan,2
Lea F. Leland,2
Helene Ross,2
Irene Palmer,2
Mr. Carl Jackson,2
Mr. Fred'k Clayton,2
Miss Marion Nichols,2
Miss Virginia Wilson,2
Miss Anna Doherty,2
Mr. Edgar Norris,2
Mr. Fred Sidney,2
Ralph Sumpter,2
H. Reeves Smith,2
Frederick Powell,2
Maude Granger,2
Joseph S. Marba,2
Herbert McKenzie,2
Leo Ditrichstein,2
William Morris,2
James Kearney,2
Janet Beecher,2
Jane Grey,2
Eleanor Verden,2
Margaret Bradley,2
Edward Fielding,2
Annie Esmond,2
Jerome Patrick,2
Ernest Lawford,2
Edgar Norton,2
John Holland,2
Mercita Esmonde,2
Amy Veness,2
Janet Slater,2
Edgar Norris,2
Frank Mason,2
Anna Doherty ,2
Miss Marian Nichols,2
Henry M. Johnson,2
Hazel Lewis,2
Mildred Barrett,2
May Hennessy,2
Alice Dovey,2
Craufurd Kent,2
Jessie Lewis,2
Alice Hegeman,2
A. S. Humerson,2
Louise Kelley,2
Alice Kelly,2
Mattie Ferguson,2
Eleanor Woodruff,2
Helen Collier Garrick,2
Malcolm Grindell ,2
John Sharkey,2
George Ross,2
William Farnum,2
Dustin Farnum,2
James K. Hackett,2
Gretchen Lang,2
Walter Craven,2
Helen Dahl,2
Frederick Truesdell,2
Mary Hampton,2
Natalie Jerome,2
William J. Kline,2
Percival T. Moore,2
Marie Hudson,2
Albert Goldberg,2
Franklyn Roberts,2
Vaughan Trevor,2
Frank Burbeck,2
Frazer Coulter,2
Charles Stedman,2
Grace Weeks,2
Marie Cattell,2
Irene Cattell,2
Maxfield Moree,2
Mr. Thomas Conkey,2
Miss Elgie Bowen,2
Elizabeth Bell,2
Miss Jessie Bradbury,2
Miss Madeline Dailey,2
Mr. Otto F. Hoffmann,2
Mr. Tom McNaughton,2
Mr. Fred C. Jones,2
Mr. Len Litchfield,2
Dolly Gray,2
Ethel Brice,2
Grace Field,2
Al Wilder,2
Joseph Maloney,2
Betty La Boulaye,2
Gladys Meyrick,2
Florence Malone,2
Pauline Duffield,2
Egbert T. Roach,2
Minnie Williams,2
Montgomery and Stone,2
Mr. Hackett,2
E. M. Holland,2
"Daniel Jarrett, Jr.",2
Olive Harper Thorne,2
Pauline Neff,2
Mable Inslee,2
Izetta Jewel,2
Will Oakland and Company,2
"Liane Carrera, Anna Held's Daughter, In a Singing and Dancing Creation",2
Joseph Rawley,2
George Atalla,2
Walter Renfort,2
Frederick Hardy,2
Tom Azoom,2
Sydney Ainsworth,2
Mary Ryan,2
Ethel Von Waldron,2
G. H. Beuermann,2
Erville Alderson,2
Minor S. Watson,2
J. Gunnis Davis,2
Frederick Annerly,2
James Manley,2
Mary Land,2
Irma La Pierre,2
Winona Shannon,2
William S. Lyons (as Wm. S. Lyons),2
William Eville (as Wm. Eville),2
Edgar Halstead,2
John C. King,2
"Daintee La Crandall, ""The Girl on the Wire""",1
Meredith Talks. Snoozer (The Bulldog with a College Education) Does Everything But Talk,1
"Cooper and Robinson, Vaudeville's Most Famous Colored Comedians",1
"Volant, And His Flying Piano",1
"Yorke and Adams, The Celebrated Hebrew Comedians",1
Louis A. Simon and Kathryn Osterman,1
"Grace Wilson, ""That's All""",1
Cecil Lean,1
"Ed. Morton, The Comedian Who Sings",1
"Chris Richards, The Eccentric English Chap",1
"The Azard Brothers, In Hazardous Equilibristics",1
Helen May,1
Maude Abbe,1
John Linn,1
Kathryn Osterman,1
Joe Wall,1
Rouland Radcliffe,1
Louis A. Simon,1
Thos. F. Reynolds,1
H. Reed,1
Mark Fenton,1
Frederick Burt,1
"Hastings and Wilson, ""The Lunatics""",1
Harry Devine and Nellie Williams,1
"Willa Holt Wakefield, A Radiant Personality, In Songs at the Piano",1
Seth Dewberry and Jawn Jawnson,1
"Big City Four: Rover, Bates, Emerson, Reed, Sweetest Singing Quartet in Vaudeville",1
Ed. F. Reynard,1
Jawn Jawnson,1
Mary Norman,1
Mr. Cosy Koontz,1
Mr. John Orman,1
Mr. Foxy Weesner,1
Fido,1
Gyp,1
George Leach,1
Kingsley Benedict,1
William Foran,1
Florence Foley,1
Margaret Gordon,1
Lucille Love,1
Vida Perrin,1
Albert Phillips,1
Joseph Lertora,1
"Ishikawa Brothers, Japan's Noted Hand Equilibrists",1
Jas. T. Duffy and Mercedes Lorenze,1
"Lancton, Lucier and Company, Assisted by Eddie Allen",1
"Bryan Lee and Mary Cranston, The Chauncey Olott of Vaudeville, and the Dainty Doll Comedienne",1
"Aileen Stanley, Queen of Character Singers",1
"The Parshleys, Musical Duo",1
Master Gabriel and Company   ,1
"Trixie Friganza, Buxom, Blithesome, Brilliant, America's Favorite Comedienne",1
"Dare Brothers, Athletic Accuracy",1
"De Haven, Nice and De Haven, Featuring The Tango-Footed Monkey Wrench Dance",1
"Marie Shaw, Operatic Soprano",1
Ed. Flanagan and Neely Edwards,1
Carl McCullough,1
Apdale's Zoological Circus,1
Fred J. Ardath,1
Charles Conklin,1
Joe Lyons,1
Fern Marshall,1
Jack Ardath,1
Muriel Arlington,1
Mme. Liane Doree,1
Saul Roselle,1
Mme. Johanna Kristoffy,1
Sig. Raimondo Scala,1
Sig. Raoul Romito,1
"Karl Grees, Lightning Oil Painter",1
"Monty and Dot, In ""Bits of Everything""",1
The Three Collegians,1
Emmet Devoy and Company,1
"Rita Boland and Lou Holtz, Elsie Janis' Proteges, Offering a Few of Miss Janis' Ideas",1
"Joe Morris and Charlie Allen, The Comedians With The Pipes",1
Erwin and Jane Connelly,1
"Nellie V. Nichols, Songstress Comedienne",1
"Leo Zarrel and Company, Entertainers of Merit",1
J. Hugh Fish,1
Eddie O'Rell,1
Frank P. Crumit,1
William A. Galpen,1
Alma Moore,1
R. Addis,1
Zeta McDonough,1
Nettie C. Coburn,1
Ethel Adamson,1
Beth Hippler,1
Bob Raymond,1
Fredrika Slemons,1
Margaret Templeton,1
Fred McGuirk,1
Adelaide Lovenberg,1
Emile Collins,1
Charles Connor,1
Sam Carman,1
Jack Conley,1
Norine Carman,1
"Adelaide Herrmann, As ""Cagliostro,"" The Master of Mysteries",1
"Paul Nevins and Ruby Erwood, ""The Coal Man and the Maid""",1
Norine Carman's All-Star Minstrels,1
Louis Mann and Company,1
"Lydia Barry, The Comedienne of Quality",1
"Montague's Cockatoos, Wonderful Feathered Actors",1
"Master Dave Schooler and Louise Dickinson, the Youthful Prodigies, In a Miniature Musicale",1
"Polzin Brothers, Acrobatic Comedians",1
"Gertrude Holmes and Robert Buchanan, In Songs Old and New",1
"Al Rayno's Bull Dogs, Bully Comedians",1
"Chick Sale, Comedy Protean Entertainer, Presenting his Conception of a Country School Entertainment",1
"Herzog's Eight Russian Stallions, The Celebrated Equine Novelty",1
"Belle Story, The Dainty Singer of Sweet Songs",1
Jack Claire,1
Mons. Marcel,1
"Morris Golden, ""The Yiddle With The Fiddle"" and Grace De Wintres, In ""A Ventriloquial Surprise""",1
Mae Melville and Robert Higgins,1
"Clara Ballerini, European Novelty Artist",1
"Bowers, Walters and Crooker",1
"Elida Morris, The Singing Comedienne",1
"Lockett and Waldron, the Dancing Duo",1
"Imhof, Conn and Coreene",1
Paul La Croix,1
George Baldwin,1
Frank Walters,1
Hugh L. Conn,1
Edward Bowers,1
Roger Imhof,1
"Joseph E. Howard and Mabel McCane, The Composer and the Charming Vocalist and Comedienne",1
"The Belleclaire Brothers, Internationally-Famed Athletes",1
"Will Rogers, The Oklahoma Cowboy",1
Sam Mann And His Associate Players,1
"Florenze Tempest, ""Our American Boy""",1
Irene Timmons and Company,1
"Consul and His Adopted Daughter, Appearing in a Simian Pantomimic Comedy",1
"Dora Pelletier, The Singing Comedienne",1
"Lewis and Dody, The Two Sams",1
Sam Mann,1
Eva Leigh,1
Tony Ryan,1
Jack Delman,1
Harry Wilson,1
Harry F. Gilbert,1
Leighton Stark,1
Irene Timmons,1
Bertine Robinson,1
Joseph Roberts,1
Fred Burton,1
Clifford Dempsey,1
John Smith,1
Harry Goodwin,1
John P. Coleman,1
Taylor Granville,1
"Winsor McCay, Creator of ""Little Nemo""",1
Miss Cheridah Simpson,1
Jim Diamond and Sybil Brennan,1
"Hugh McCormack and Grace Wallace, In Their Ventriloquial Offering",1
Taylor Granville and Laura Pierpont,1
"Emerson and Baldwin, the Club Juggling Comedians",1
"Sansone and Delila, Sensational Gymnasts",1
Miss Ida Brooks Hunt,1
"The Great Tornados, Sextette of Aerial Twirlers and Athletes",1
"La Toy Brothers, Pantomimists",1
Miss Ray Dooley and The Metropolitan Minstrels,1
"""Lora"" The Girl in the Parrot",1
"Ethel Kirk and Billy Fogarty, A Bright Melange of Patter and Song",1
Ed. Gallager and Joe Fields,1
"Kellar Mack and Frank Orth, Popular Song Writers",1
Gordon Dooley,1
Bee Dingas,1
George Loff,1
Gene Carrick,1
Ed. Gallager,1
Joe Fields,1
Jack Sheek,1
Roy Walling,1
Lillian Rambeau,1
Marjorie Rambeau,1
Miss Tilne Stork,1
Corinne Sales,1
Marian Chapman,1
Allan Dinehart,1
Ann Heritage,1
Perrin Somers,1
Bernard A. Reinold,1
"The Stanleys, Silhouette Fun in Shadowland",1
"Ethel Levey, In Her World-Famous Songs and Dances",1
"Francis Dooley, In ""That's Silly""",1
Allan Dinehart and Ann Heritage,1
Bernard A. Reinold and Company (Dietrich Dinkelspiel),1
William A. Weston and Franklyn Mae,1
Geo. McKay and Ottie Ardine,1
"Herbert Williams and Hilda Wolfus, Presenting ""Almost a Pianist""",1
Curt Karpe,1
Charles White,1
Tully Langdon,1
Harry Langdon,1
"Mable Russell, Assistant to Eddie Leonard",1
"Lydia and Albino, European Novelty Equilibrists",1
"Dorothy Brenner and Jos. Ratcliff, In ""At the Flower Stand""",1
William J. Dooley and a Company of Juveniles in Imitations of Stage Celebrities,1
Eddie Leonard,1
"Sully and Hussey, The Sportsman and the Valet",1
The Langdons,1
"Woodward's Pansy Dogs, Presenting Beautiful and Artistic Novelties in Animal Statuary",1
"""The Graphophone Girl,"" Originated by Adeline Francis",1
"Lamb's Mannikins, Novelty Marionette Offering",1
"Madge P. Maitland, Offering a Repertoire of Original Songs Sung in Her Own Individual Manner",1
"Dick The Handwriting Dog, The only dog in the world that writes and draws with pen and ink on paper",1
"Marshall Montgomery, America's Greatest Ventriloquist",1
W. L. Abingdon And His Own Company,1
"George W. Cooper and Wm. Robinson, Vaudeville's Most Famous Colored Comedians",1
"Raymond and Caverly, The Wizards of Joy",1
"Rose Pitonof, The Greatest Long Distance Swimmer in the World",1
Mons. Joe E. Helsey,1
W. L. Abingdon,1
David Powell,1
Neal McCay,1
Mrs. Elizabeth Blackburn,1
"Miss Robbie Gordone, Classic Reproductions of Famous Statues",1
"Bison City Four:  Messrs. Milo, Girard, Hughes and Roscoe",1
"John and Winnie Hennings, ""The Kill Kare Kouple""",1
"Carl Randall, Assistant to Emma Carus",1
Renfax Singing Pictures,1
"The Pedersen Brothers:  Carl and Victor, Aerial Comedians Featuring the Famous ""Pedersen Trick""",1
El. Brendel,1
"Guy J. Sampsel and Edith Reilly, Fashion Plate Entertainers",1
Felix De Marce's European Circus,1
Mary O'Neill,1
Lena Mandoza,1
Edmund Forde,1
"The Three Renards, In Their Original Aerial Teeth Act",1
"Joan Sawyer and John Jarrott, Society's Favorite Dancers",1
"Rae Eleanor Ball, America's Favorite Lady Violiniste",1
Albert Perry,1
"Libby and Barton, Unique Unicyclists and Originators of Daring Feats",1
"Ted and Uno Bradley, Talking and Singing Comedians",1
"Lou Stepp, Edward Goodrich and John King, Offering Their Own Original Idea in Music, Comedy and Song",1
Heen Alton,1
Ernest Armour,1
Stefano Pettine,1
Stanley Jessup,1
Beatrice Moreland,1
Marion Littlefield,1
Beatrice Moreland and Company,1
"The Gee Jays:  George and Ida, In Their Miniature Stage Production",1
"Adler and Arline, Novelty Entertainers Par Excellence",1
"Will Roehm's Athletic Girls, Feminine Physical Champions",1
"John Boyle and Walter Brazil, Singing and Dancing",1
"La Vier, Dauntless Doings Aloft",1
"Nat M. Wills, ""The Happy Tramp""",1
"Marion Littlefield's ""Florentine Singers""",1
"The Wheelers and Company, The Laughing Success, ""Fun on the Boulevard""",1
"Eva Tanguay, The Cyclonic Comedienne",1
"Lozano Troupe, Largest Troupe of Tight-Wire Performers in the World",1
Joe Boganny's Royal Lunatic Bakers,1
"Britt Wood, The Famous Rube Comedian",1
"H. T. MacConnell, ""The President of the 13 Club""",1
"Stickney's Circus, Vaudeville's Cutest Animal Offering",1
"Jack Ward and Eddie Weber, The Terpsichorean Entertainers",1
Mr. and Mrs. Perkins Fisher,1
Perkins Fisher,1
Florence Fisher,1
"Adonis, The Act Beautiful",1
"The Great Jungman Family, A Sensational Sextette, Marvelous Aerial Artists from Germany, in Death-Defying Feats",1
"Mike Bernard and Willie Weston, Presenting their Latest and Best Repertoire of Musical and Song Hits",1
Wm. H. Macart and Ethlynne Bradford,1
Edmund Breese,1
"Chas. Cartmell and Laura Harris, The Favorite Singing and Dancing Duo",1
"Ed. Corelli and Chas Gillette, The Odd Pair",1
"Marie McFarland, The American Melba",1
"Mr. Frank Fogarty, The Dublin Minstrel",1
The Robert De Mont Trio,1
Wm. H. Macart,1
Ethlynne Bradford,1
Harriet Davis,1
Frank Lewis,1
"Those French Girls (The Amoras Sisters), In Song, Dance, Mirth and Physical Culture Demonstrations",1
"Eva Fay, The High Priestess of Mysticism in Thaumaturgy",1
"Those Four Entertainers, Singers Par Excellence",1
"Amelia Bingham, The World-Renowned Actress",1
"Bessie Reno and ""The Misfit Army""",1
"Robert Emmett Keane, ""The American Englishman""",1
Chas. Howard and Joe Ratliff,1
"The Flying Russells, Establishing an Aerial Speed Limit",1
"Jed and Ethel Dooley, Versatile Entertainers",1
Dorothy Hayden,1
Owen McGiveney,1
Henry Chesterfield,1
Julia Nash,1
Ada Lane,1
"Three Shelvey Boys, An Original Athletic Feature",1
"Alexander Brothers, World's Greatest Ball Bouncers",1
"Owen McGiveney, The Irish Protean Actor",1
John Geiger And His Talking Violin,1
Julia Nash and Company,1
Wheeler and Wilson,1
Jack Wilson,1
"Ioleen Sisters, Australian Sharpshooters on the Wire",1
"Marie Dressler, Musical Comedy's Most Scintillating Stellar Light",1
"Lena Pantzer, A Dancing Divertisement, On a Spade--On the Wire--On the Floor",1
"Armstrong and Ford, The Copper and The English Johnnie",1
"Bert Levy, The Famous Artist-Entertainer",1
"Harry Fox and The Millership Sisters, Artistic Oddities",1
"Tom Terriss, And His English Company of Charles Dickens Players",1
"Work and Play:  Frank and Jewell, America's Representative Acrobatic Comedyists",1
"William Rock and Maude Fulton, Spectacular Songs and Dances",1
"The Frey Twins, Statuesque Athletes In Pastimes of the Palestra",1
William Rock and Maude Fulton,1
Frank-WORK and PLAY-Jewel,1
Tom Terris,1
Harry Fox and The Millership Sisters,1
Armstrong and Ford,1
Lena Pantzer,1
Tom Terriss,1
Gordon Begg,1
Stuart Paton,1
Louis Carruthers,1
Ethel Patrick,1
Jessie Silver,1
W. Lewin,1
Frederick Epiteaux,1
Bailey Hick,1
Iffi Engel,1
Curt Wehrle,1
Heinrich Mattaes,1
Fritz Beyer,1
Hanni Brookmann,1
Cenzi Gotzer,1
Max Helfer,1
Kurt Wehrle,1
Cenzi Goetzer,1
Cenci Goetzer,1
Hans Koebes,1
Karl Ralph,1
Rudolf Lachner,1
Kurt Manthey,1
Curt Bachwitz,1
Hermann Korn,1
Paul Nadler,1
Ernst Mantey,1
Irving Place German Theatre Players,1
"Edgar Berger, Flexible Equilibrist",1
"Marie Fenton, The Melody Maid",1
"Isabelle D'Armond and Frank Carter, In Bright Bits",1
Myles McCarthy,1
Searl Allen and Company,1
Ward and Curran,1
"John F. Conroy, World's Greatest Life Saver (137 Lives Saved)",1
"Taylor Holmes, New Songs, New Stories, New Witticisms",1
"Three Alex, European Ring Artists",1
George Bixby,1
Henry Hull,1
Philip White,1
Inez Buck,1
Harry Goode,1
J. H. Purcell,1
Chas. Schuller,1
Adrian Bellevue,1
John Fennessy,1
Gertrude Rose,1
Joseph Downs,1
Rhea Venola,1
Lew Krouse,1
"The Rosaires, Wire Experts",1
"Dick Gardner and Anna Revere, A True Variety Act",1
"Louise Galloway, Joseph Kaufman and Company",1
"George Lyons and Bob Yosco, The Harpist and the Singer",1
"Mazeppa, the Educated Horse",1
Adele Lovenberg,1
William Purcella,1
Mike Orben,1
Joseph Kaufman,1
Catherine Bronson,1
Jean Whitney,1
Sam Williams,1
James S. Murray,1
W. C. Gordon,1
Cecil Renard,1
L. M. Worth,1
Marie Lorens,1
Bertha Carlisle,1
Robert Hickey,1
William Warren,1
Jack Goodall,1
Gertrude Roland,1
Chas. Kuhnon,1
DeForest La Fleur,1
Marguerite Crittenden,1
Bertha Creighton,1
Stafford Pemberton,1
Jack Clinton,1
Evelyn Hall,1
Marjorie Roland,1
"Bertie Herron and Bonnie Gaylord, ""Two Corking Girls""",1
"Morris Goldin, The Yiddle with The Fiddle",1
"El Rey Sisters, Clever Skaters",1
Louis Casavant,1
"Geo. A. Wright, Jr.",1
J. D. Chadwick,1
Frederick Calvin,1
Steve Hickey,1
Harold Woolf,1
Madge Voe,1
Blanche Bender,1
Frederick R. Seaton,1
"The Castillians, In Bronze and Verdigris Reproductions of the World's Masterpieces in Statuary",1
"Deiro, Original Master of the Piano Accordion",1
"Ray Cox, Comedienne",1
"The Four Bards, Gymnasts",1
"Ernie and Ernie, The Monopede and the German Girl",1
"Franker Wood and Bunee Wyde: Music, Rhyme and Reason",1
Blanche Bender and Company,1
"Mae West, The Eccentric Comedienne",1
"Eddie Lo-Ve and Jannette Wilbur, The Flying Meteor and the Aerial Venus",1
"Asaki, The Juggling Jap on Roller Skates",1
"The Melody Lane Girls, They Sing -- That's All",1
"Rosa Crouch and George Welch, ""That Lively Pair""",1
"The Berrens, In a Musical Novelty",1
"Johnny Johnston, Singing the Entire Overture with my own Comedy Words",1
Miss May Tully and Company,1
James F. Kelly and Emma Pollock,1
"Empire Comedy 4, America's Funniest Quartette",1
"Joe Jenny, German Comedian",1
"Watson's Farmyard Circus, A European Novelty for All Children Aged Six to Sixty",1
Melanie Miller,1
Ferrell Desmond,1
Eleanor Elliott,1
Adlyn Estee,1
Frances Carson,1
Robt. Lowe,1
Thomas Corless,1
May Tully,1
Lester Browne,1
Thos. D. Richards,1
James Cunningham,1
"""The Girl from Milwaukee,"" A Remarkable Vocalist Possessing the Biggest Voice in Captivity",1
"Adelaide and J. J. Hughes, In a Selection of Descriptive Dance Stories Conceived and Produced by Themselves",1
"Field Brothers, Four Feet of Eccentric Dancing",1
"Wallace Galvin and His Hands, Presenting Novelties in Pure Sleight-of-Hand, Including His Celebrated ""Laughing Egg Trick""",1
"Val Harris, Rita Boland and Lou Holtz",1
"The McBans, In an Electrical Juggling Novelty",1
"Edgar Berger, The Flexible Equilibrist",1
"Three Hedders, A Trifle More Than Equilibrists",1
"Jack Norworth, The Celebrated Globe Galloper",1
"Chas. Mack, The Well-Liked Celtic Comedian",1
Joe Smith,1
Chas. Mack,1
John Conroy,1
Etta Bastedo,1
"Montambo and Wells, In Acrobatic Funosities",1
"Bendix Ensemble Players: Michel Bernstein, Jacques Shore, Arthur Bernstein, Theo. Bendix",1
"Reine Davies, The American Girl",1
"Peter, ""He Was Born a Monkey But Made Himself a Man""",1
"James and Bonnie Thornton, The Emperor and Empress of Song and Story",1
"Four Original Londons, ""The Champions of the Air""",1
Edward Hemmer,1
Ruth Raynor,1
Wilmott Williams,1
"Ben Beyer and Brother, The Sprinting Messengers",1
Mayme Remington and her Pickaninnies,1
"Bert Melrose, The Man With the Tables",1
"Fred Watson and Rena Santos, Refined Singers and Dancers",1
"Mrs. Gardner Crane and Company, The Plump Dispenser of Laughter",1
"Dave Ferguson, Songs and Stories",1
Night Follies of San Francisco,1
"4 Chung Hwa, Chinese Comedy 4:  Don-Tin-Yaw, Lee-Tung L., Chan Shu Ying, Leong Hu Kon",1
"Bixley and Lerner, The Melba and Caruso of Vaudeville",1
"Odiva, The Sensational Plunging Samoan Nymph",1
L. P. Reinhart,1
Louis Frohoff,1
John Terry,1
A. Jefferson Gorman,1
Harry B. Vokes,1
Gretchen Hartman,1
Emily Muller,1
Estelle West,1
Wm. Bence,1
Charlie Wong,1
Daisy Bruno,1
Mabel Francis,1
Edmond Hayes and Co.,1
"De Witt, Burns and Torrance",1
"Sophie Tucker, The Mary Garden of Ragtime",1
"Clark and Verdi, The Italian Comedians",1
Marie Lo and Her Dresden China Beauties,1
"Minnie Allen, The Little Volcano of Mirth",1
Eddie Foy and Seven Little Foys,1
Miss Leitzel,1
"Don, The Talking Dog",1
Holland and Dockrell,1
"Henry Lewis, A Jolly Juvenile German",1
Isabelle D'Armond and Frank Carter,1
Frank C. Westphal,1
Madge Torrance,1
May Bertram,1
James Ryan,1
Alice Gordon,1
Wm. Beardsley,1
Jeanette ,1
Frank De Witt,1
Cecilia Santon,1
Loney Haskell,1
George Walton,1
John Coleman,1
"The Turners, Acrobatic Roller Skaters",1
"Eveleen Dunsmore, The Magnetic Songstress",1
Bessie and Harriet Rempel,1
"Kate Elinore and Sam Williams, In Their Musical Absurdity, ""The Hunter and The Hunter-ess""",1
"Arthur McWatters and Grace Tyson, (Late Musical Comedy Stars)",1
"Mareena and Delton Brothers, In A Series of Athletic Surprises",1
Ben. Jackson,1
"Smith, Cook and Marie Brandon, ""The Millionaires""",1
"Adele Ritchie, The Dresden China Prima Donna",1
"La Titcomb, The Diamond Queen, ""The Singer on Horseback""",1
"Mortimer MacRae and Gertrude Clegg, The Intruder and the Queen of the Wheel",1
"Paul Kleist and Company, In the ""Land of Dreams""",1
Cameron and O'Connor,1
"Dave Kramer and Geo. Morton, the Two Black Dots",1
Grace Shanley,1
"Vernie Kaufman, European Novelty Cyclist",1
"Harvey and De Vora Trio:  Bert Harvey, Millie De Vora, John Dough Presenting a Novel Comedy Dancing Review",1
"Kluting's Entertainers, A Remarkable Group of Performing Pigeons, Rabbits, Felines and Canines",1
"Harry Linton and Anita Lawrence, The Grouch Destroyers",1
Arthur Sullivan and Company,1
"Mercedes, The Monarch of the Unknown Forces",1
"Ethel Green, Vaudeville's Daintiest Comedienne",1
"Hoey and Lee, Character Parodists",1
"Fatima, One of the Principal Dancing Girls of the Deposed Sultan of Turkey, Abdul Hamid II",1
Arthur Sullivan,1
"Adelaide Mason, Elise Hamilton",1
"Fay Tincher, Olive Carr",1
"Hazel Kirk, Emily Myers",1
"Karl Rosine, The Mysterious",1
"Hickey Brothers, Acrobatic Dancers",1
Philip Barrison,1
"Bobbe and Dale, In a Conference with Songs",1
"George Whiting and Sadie Burt, ""Songsayings""",1
"The Australian Woodchoppers, Jackson and McLaren, Champion Axmen of the World",1
Karl Rosine,1
Eric Kimball,1
Gertrude Shanley,1
Mabelle Adams,1
Jay G. Simms,1
W. A. Thomas,1
Chris Schonberg,1
W. C. Mason,1
Nan De Voe,1
Charles Kennedy,1
Eddie Phelan,1
Florence Mack,1
Elsie Niemeyer,1
Hal Pine,1
William F. Sully,1
Frank Gardner,1
Leslie M. Hunt,1
Claire Vincent,1
Estelle Sully,1
Mrs. Grace Sully,1
Mrs. Crane,1
Mr. Frank Gardner,1
"John E. Sully, Jr.",1
John E. Sully,1
Miss Estelle Sully,1
"Eugene Adams, America's Greatest Hoop Juggler",1
"Harry Linton and Anita Lawrence, The Kapable Komedy Kupple",1
"The Marlo Trio:  Mabel, Ben and Pat, A Novelty in Gymnastics",1
"Laddie Cliff, England's Clever Boy Comedian",1
"Frank Mullane, The Irish-American Hebrew",1
Wilson Brothers:  Frank and Joe,1
"Irene Bercseny, The Gypsy Queen, Cimbal Virtuoso",1
Frank North and Company,1
Mr. and Mrs. Gardner Crane,1
The Five Sullys,1
Mary Pickford,1
Henry E. Dixey,1
Laura Sawyer,1
Cyril Scott,1
Lillie Langtry,1
Carlotta Nillson,1
Chas. Hanlon and Geo. Clifton,1
"La Petite Mignon, Comedienne",1
Jack Devreaux and Company,1
Ceballos and Desmond,1
Victor Stone,1
Doris Wilson and Company,1
"Al Rayno's Bulldogs, Bully Comedians, Introducing A Slide For Life and ""Football Dogs""",1
"Bert Errol, The Lady (?) with the Tetrazzini Voice and Gorgeous Gowns",1
"John C. Rice and Sally Cohen, America's Farceurs",1
"Gertrude Vanderbilt and George Moore, the Dandy Dancers, in Up-to-date Songs and Dances",1
"Will Bingham, Jiu Jitsu Expert",1
George Spink,1
Mabel Gebeau,1
Doris Wilson,1
Dot Wilson,1
Rubie Abbott,1
Eva Condon,1
"Wilson and Aubrey, Comedy Gymnasts and Wrestlers",1
"Daniels and Conrad, Two Youths, a Violin and a Piano",1
"Jere Grady, Frankie Carpenter and Company",1
"Little Billy, Vaudeville's Tiniest Headliner",1
"Ed Wynn, The Boy with the Funny Hat",1
"Gus Van and Joe Schenck, Pennant-Winning Battery of Songland",1
"The Five Idanias, Sensational European Gymnasts",1
Jere Grady,1
Edward Manly,1
Frankie Carpenter,1
George Thompson,1
Frank Wunderlee,1
Robert Jones,1
Ed Wynn,1
Stanley Young,1
Claude West,1
Dorothea Antel,1
"Thiessen's Dogs, Refined Canine Novelty",1
"Violinsky, Wizard of the Piano, Genius on the Violin",1
"Franklyn Ardell, Playing his own Political Satire",1
"Caesar Rivoli, The Greatest Character Representative of the Age, The Man who Changes his Clothes Quicker than a Woman Changes her Mind",1
"Van Hoven, The Dippy, Mad Magician",1
Madame Bertha Kalich,1
"The Kinetophone, Talking-Moving Pictures",1
Edison's Talking Pictures,1
Polzin Brothers,1
Holmes and Buchanan,1
Al. Rayno's Bull Dogs,1
Herzog's Russian Stallions,1
Chick Sale,1
Jesse Lasky,1
Belle Story,1
Three Mori Brothers,1
Van Hoven,1
Franklyn Ardell and Company,1
Courtney Sisters - Fay & Florence,1
Violinsky,1
Thiessen's Dogs,1
Franklyn Ardell,1
Andrew MacQuarrie,1
Mme. Bertha Kalich,1
Bertha Kalich,1
John Harrington,1
Al. Piantadosi,1
Marie Walters,1
"Hanlon, Dean and Hanlon, Comedy Acrobats",1
"E. Bert Kenney, I. R. Nobody and E. Booth Platt, Singers and Comedians",1
"Jack Hazzard, Offering His Best Stories",1
"Robinson Newbold and Marie Gribbin, Songs, Dances, Impersonations",1
Master Gabriel and Company with Al. Lamar,1
"Lydia Barry, Daughter of the Famous Billie Barry",1
Karl Emmy and His Pets,1
Jack Hazzard,1
The Barry Girls,1
Helen Burkett,1
Jos. Merrick,1
Ben Deely,1
Joseph Green ,1
Francis McGinn,1
Herbert Heywood,1
The Harvey Family,1
"Frank ""Slivers"" Oakley",1
Muir,1
Julius Tannen,1
Natalie and Aurie Dagwell,1
"Montambo and Wells, In Acrobatic Funoscities",1
"The Harvey Family, Including Europe's Most Famous Lady Aerialists",1
"Ed. Vinton Presents Buster, The Dog Comedian and Mimic",1
"Les Jonleys, Making an Art of Equilibrism",1
"""Slivers,"" (Frank ""Slivers"" Oakley""), The Famous Barnum & Bailey Clown",1
"Julius Tannen, Chatterbox",1
"Natalie and Aurie Dagwell, In Songs of To-day and Yesterday",1
"The Glockers, Novelty Water Jugglers",1
"Musical Johnstons, Masters of the Xylophone",1
"The Three Leightons, Presenting ""A One Night Stand in Minstrelsy""",1
"General Pisano and Company, The World-Famous Sharp Shooter, The Man who put the ""Bull"" in Bullets",1
"Hal Davis, Inez Macauley and Company",1
"Bobby Clark and Paul McCullough, Tramp Comedians",1
"Horace Wright and Rene Dietrich, the Somewhat Different Singers",1
"Harry Williams and Nat D. Ayer, The Popular Composers",1
"Camille Trio, Grotesque Comedians, In their European Bar Eccentricites",1
General Pisano and Company,1
Fred Duprez,1
Bobby Clark and Paul McCullough,1
Chalk Saunders,1
Reidy and Currier,1
Six Steppers,1
Max Hart,1
Chas. C. Drew and Co.,1
W.H. Murphy and Blanche Nichols,1
Camille Trio,1
Harry Williams and Nat D. Ayer,1
Horace Wright and Rene Dietrich,1
Harry Woodruff,1
Isabelle West,1
Margaret Lotus,1
"Chester Kingston, The Chinese Puzzle",1
"Burkhardt and Gilfoil, Singing and Dancing Duo",1
"Bankoff and Girlie, In Their Own Conception of Modern Dances",1
"Doc. O'Neil, With His Original Laugh Prescription",1
Miss Orford and Her Wonderful Elephants,1
"Mack and Ellis, In An Arrangement of Songs and Dances",1
"Mr. and Mrs. Carter De Haven, ""The King and Queen of Youth""",1
"Harry Hines and George Fox, Sayings and Songs",1
"Gormley and Caffery, Comedy Acrobats",1
Chester Kingston,1
James Cooley,1
Gordon Burby,1
"Jack Wilson, In an Impromptu Revue",1
"Andrew F. Kelly, ""Casey, The Lion""",1
"Joe Keno and Rose Green, In a Musical Whizz, ""Hands Across the Street""",1
"Cotler and Boulden, Clever and Versatile Entertainers",1
Minnie Dupree and Company,1
Captain Chink's Famous Australian Boy Scouts,1
"The Six Kirksmith Sisters, With all the Charm of Youth and Beauty, In a Musical Interlude",1
Frank Stacy,1
Edmond Hayes,1
Claud Usher,1
Fannie Usher,1
By Himself,1
Edmond Hayes and Company,1
Clark and Verdi,1
Maria Lo and Company,1
Eddie Foy with The Seven Little Foys,1
"Henry Lewis, In a Vaudeville Cocktail",1
"Holland and Dockrell, European Equestrian Novelty",1
"Miller, Moore and Peters:  Mirth and Melody",1
Will and Kemp,1
"Chas. Ledegar, The Flying Dutchman",1
"Billy Smythe and Marie Hartman, In Their Own Original Comic Songs",1
"The Four Rianos, The Standard Comedy Novelty Act of America",1
"Harry Breen, The Singing Comedian, The Rapid Fire Song Writer",1
"James B. Donovan and Charles M. McDonald, Long Live the Irish--Here's Two Real Ones",1
"John J. McGraw, Manager of the New York Giants, The Napoleon of Baseball",1
"Three Parrell Sisters, Marvels of Gymnastic Skill",1
"Williams, Thompson and Copeland",1
La Belle Victoria,1
Florence Roberts and Co.,1
The News of the World,1
Three Parrell Sisters,1
John J. McGraw,1
James B. Donovan and Charles M. McDonald,1
Paul Nicholson,1
Miss Norton,1
Harry Breen,1
The Four Rianos,1
Billy Smythe and Marie Hartman,1
Chas. Ledgar,1
Ted Snyder,1
"The Zanettos, Comedy Jugglers",1
Eva Taylor and Company,1
"Nellie Waring, England's Sparkling and Dainty Comedienne",1
"Lew Hawkins, The Chesterfield of Minstrelsy",1
"The Apollo Trio, Powerful Athletes in Their Wonderful Bronze Posing",1
DeVine and Williams,1
"Ed. F. Reynard, The Ventriloquist with a Production",1
"Willa Holt Wakefield, The Lady at the Piano",1
Big City Four,1
Leo Edwards,1
Geo. D. Baker,1
Lawrence Grattan,1
James William FitzPatrick,1
Hirsch,1
Edward Gillespie,1
John O'Keefe,1
Edith Shayne,1
Rockcliffe Fellowes,1
Edith MacBride,1
Harold Grau,1
Florence Daniels,1
Mr. Beban,1
Kelly,1
The Zanettos,1
Mr. Lawrence Grattan,1
Mr. Geo. D. Baker,1
Miss Ivy Benton,1
Miss Eva Taylor,1
William Friend and Amy Lesser,1
"Clark Martinetti and Joe Sylvester, The Boys With the Chairs",1
"Berton Churchill, The Eminent Shakespearean Actor",1
"Dainty Marie, The Petite, Piquante Chanteuse and Aerialiste in Her Scintillating Continental Feature",1
"Milt Collins, The Speaker of the House",1
Mr. and Mrs. Jimmie Barry,1
Gus Edward and His Song Revue of 1913,1
Joe Sylvester,1
Clark Martinetti,1
William Friend,1
Jimmie Barry,1
Mrs. Jimmie Barry,1
Rea Martin,1
Marie Laure,1
"Charles D. Weber, The Eccentric Juggler",1
"Juliet?, Humorous Character Studies from Life",1
Jack Kennedy & Co.,1
"Hoey and Lee, Witty Talk --Funny Parodies",1
Thomas A. Wise & Company,1
"Lee White and George Perry, Smiling Singers of Smiling Songs",1
Loughlin's Novelty Dog Act,1
Jack Kennedy,1
Chauncey Monroe,1
Virginia Reynolds,1
Thos. A. Wise,1
William Black,1
Molise Campion,1
John Reidy,1
"Chalk Saunders, Cartoonist",1
"John Reidy and Elsie Currier, Presenting their Smart Muscial Numbers",1
"Cadets de Gascogne, Quartette Francaise",1
W. H. Murphy and Blanche Nichols,1
"The Six Steppers, Brothers and Sisters",1
"Joe Jackson, The European Vagabond",1
"Truly Shattuck, In a Repertoire of Songs",1
"J. Francis Dooley, In a New Version of ""Pavement Patter""",1
"Kluting's Entertainers, A Remarkable Group of Performing Pigeons, Rabbits, Cats and Dogs",1
W.H. Murphy,1
Dennos Brothers,1
Dennos Sisters,1
Brothers and Sisters,1
Charles Reisner,1
Original Four Londons,1
"Brown, Harris and Brown",1
Theo. Bendix Ensemble Players,1
Jas. Thornton,1
Peter,1
Aurelio Coccia,1
Sig. A. Ranghelli,1
Miss D. Harlow,1
W. H. Murphy,1
Blanche Nichols,1
Lillian Palmer,1
Alfred Hollingsworth,1
Henry Crowe,1
A. Dolgi,1
A. Leone,1
Helen Dunn,1
D. Harlow,1
A. Ranghelli,1
Yuki Yamakura,1
F. Vennum,1
Carl Duke,1
Lewis F. Muir,1
Ruby Hoffman,1
Harry Prew ,1
Hazel Rosewood ,1
"Bertish, The Ideal Athlete",1
Leona Thurber and Harry Madison,1
Artie Mehlinger,1
"George McKay and John Cantrell, Two Jolly Fellows, A Breeze From Broadway",1
Willard Simms and Company,1
"Haydn, Dunbar and Haydn, Artistic Oddities",1
"The Max Welson Troupe, European Novelty Gymnastic Wonders",1
Leander de Cordova,1
Wm. W. Cohill,1
George Daglenn,1
George Fisher,1
Willard Simms,1
Eugene Robinson,1
Mr. Wm Dillon,1
"De Voie Trio, Athletes, Featuring the Famous De Voie Tricks",1
Mayme Remington And Her Picks,1
"Herbert Ashley and Al Canfield, In a Novel Idea",1
"Reine Davies, The American Beauty",1
"The Great Asahi, Presenting Feats of Magic, Mystery and Risley",1
Madge Terry (Mrs. Gardner Crane),1
"Claude Golden, Australian Card Expert",1
Paul McAllister and Company,1
"Laddie Cliff, England's Boy Comic",1
Herbert's Loop-the-Loop and Leaping Canines,1
Mayme Remington,1
Katherine Blair,1
Jean Eyrington,1
Mr. Fisher,1
Miss Scoville,1
"Frawley and Hunt, Sensational Comedy Gymnasts",1
"Pietro, The Wizard of Instrumentalists",1
"The Farber Girls, Constance and Irene, Society's Dainty Entertainers",1
Add. Hoyt's Minstrels,1
"R. L. Goldberg, Cartoonist of the New York Evening Mail",1
Johnny Cantwell and Reta Walker,1
Harry Tighe and his Collegians,1
"Belle Baker, Character Singer",1
Lulu McConnell,1
Frank Sheridan,1
Mary Stockwell,1
Ubert Carlton,1
Frank Ebright,1
Jack Ryan,1
Lorraine Lester,1
Rae Fenton and Her Yankee Lads,1
"Mr. and Mrs. Mark Murphy, ""The Evergreen Favorites""",1
"Adolph Zink, The Little Man with the Big Act",1
"Wilbur Mack and Nella Walker, The Musical Comedy Stars",1
S. Miller Kent and Company,1
"George W. Cunningham and Herman Marion In ""An Acrobatic Talkfest""",1
Miss Kathryn Kidder and Company,1
Gertrude Vanderbilt and George Moore In Up-to-Date Songs and Dances,1
Madame Olga Petrova,1
"Conroy and Le Maire, Vaudeville's Favorite Blackface Comedians",1
"Ella Bradna and Fred. Derrick, Novelty Double Bareback Riding Act",1
Mark Murphy,1
S. Miller Kent,1
James M. Parks,1
Walter Wilson,1
Kathryn Kidder,1
"Tom Penfold and Henry Marshall, Two Men--Some Songs--and a Piano",1
Laurette Taylor and her Company,1
May Irwin and her Company,1
Estelle Liebling,1
De Wolf Hopper,1
H. B. Warner and his Company,1
"Julia Sanderson And Her ""Sunshine"" Girls",1
Metropolitan Opera House Ballet,1
"Borani and Nevaro Present Scotty, the World's Greatest Performing Dog",1
Walter Law and his Company,1
Herbert Ashley and Al Lee,1
Tom Penfold and Henry Marshall,1
Mr. Walter Law and his Company,1
"Scotty, The World's Greatest Performing Dog",1
Gus Chandler,1
Walter Law,1
Yvonne Marvin,1
Edwin Caldwell,1
Votteler,1
Mr. Harry Wood,1
Mrs. James,1
Bennett Southard,1
"Woods and Woods Trio, Featuring Miss Ollie Woods",1
"Edward Jolly and Winifred Wild, Just One Fool Thing After Another",1
"Mosher, Hayes and Mosher, Comedy Wheelmen",1
"Gordon and Marx, ""Two Jolly Germans""",1
Sam Chip and Mary Marble,1
Herman Timberg,1
Pouchot's Flying Ballet,1
John W. Dunne,1
Sam Chip,1
Addie Ayers,1
Herself,1
Emmett Devoy,1
Rose Davis,1
"Helen McMahon, Maurice Diamond and Ida Clemence, ""The Scarecrow""",1
"Belle Baker, America's Foremost Character Singer",1
"Felix Adler, The Plain Clothes Man",1
"Kate Elinore and Sam Williams, The Hunter and the Hunter-ess",1
"Tom Davies Trio, Presenting the European Novelty, ""The Cycle Whirl""",1
Ida Clemence,1
Maurice Diamond,1
Helen McMahon,1
Irene Eby,1
Harry Dayton,1
Harry Dodd,1
Anna Miller,1
Jane Kearney,1
Helen Bancroft,1
Zoe Brown,1
Pease Diehl,1
Miss Nellie Morse,1
Marie Day,1
Hans Hartman,1
Eva Carpenter,1
Robert W. Smiley,1
Emily Ann Wellman,1
"Charles Thompson, The Young English Juggler",1
"The Cabaret Trio:  De Vere, Herman and Stone, Vaudeville's Classiest Entertainers",1
"Charles Ahearn Troupe--12 People, Vaudeville's Biggest Scream",1
"Bobby Heath and Florrie Millership, In a Merry Little Review of Popular Songs, Mostly Bobby's",1
"Gardiner Trio, In Their Latest Society Dances",1
"Arthur Deagon, Late Musical Comedy Star in Songs and Stories",1
"Rube Marquard and Blossom Seeley, The Original Todolo Girl",1
"The Flying Martins, The Limit for Daring and Speed On The Double Trapeze",1
Charles Thompson,1
Florrie Millership,1
Bobby Heath,1
Charles Ahearn Troupe,1
Montague's Cockatoos,1
Louise Dickinson,1
Master Dave Schooler,1
The Astor Quartette,1
Norine Carmen's 9 All-Star Minstrels,1
George Moore,1
Stella Tracey,1
Lydia Barry,1
The Flying Martins,1
Rube Marquard,1
Marion Sunshine,1
Gertrude Webster,1
Christine Zebelle,1
Agnes Gildea,1
"The Misses Richmond, Aldrich, Newell, Ressley, Tennis, Vaughn, Antoinette, Barnard, Winslow, Lockhard, Ancker, O'Kane, M. Gildea, Guillette, Poir, Boylan, Ellsworth, Moeller",1
"The Misses Vaughn, Ressley, Raymond, Winslow, Newell, Tennis, Aldrich, Ancker, Barnard, Antoinette, O'Kane, Lockhard, M. Gildea, Guilette, Poir, Ellsworth, Boyland, Moeller",1
": The Misses Richmond, Vaughn, Newell, Aldrich, Antoinette, Tennis, O'Kane, Winslow, Lockhard, Barnard, Ancker, Ressley, Boylan, M. Gildea, Guillette, Poir, Ellsworth",1
"Messrs. Hessong Collins, Morrison, Enwright, Macrossan, Montgomery, Piper, McShane, Brush, Lafferty, Rowe, Ross",1
"Messrs. Hessong, Collins, Morrison, Enwright, Macrossan, Montgomery, McShane, Brush, Piper, Ross, Lafferty, Rowe",1
"Messrs. Morrison, Hessong, Collins, Enwright, Macrossan, Montgomery, Brush, Ross, Lafferty, McShane, Piper",1
"Ben Beyer and Company, In Their Clever Cycling Novelty",1
"Alberta Moore and Myrtle Young, In Songs and Dances",1
Louis J. Winsch and Josephine Poore,1
"The Randalls, 17 Minutes in Arizona",1
"Prince Lai Mon Kim, The Noted Chinese Tenor",1
Amelia Stone and Armand Kalisz and Company,1
Vina Bailey and Fred Fischer,1
"Raymond and Caverly, ""Wizards of Joy"" With New Pleasantries",1
Frederick V. Bowers and Company,1
"The Jordan Girls, A Comedy Trio of Wirests",1
Edward Kummerou,1
Gage Bennett,1
Armand Kalisz,1
Mr. R. B. Richards,1
Frank I. Frayne,1
Edward Kummeron,1
Laura Laire,1
Almira Sessions,1
Ethan Allen,1
"Juggling De Lisle, Comedy Entertainer",1
"Edw. Miller and Helene Vincent, Some Boy--Some Girl--Some Songs",1
"Dane Claudius and Lillian Scarlet, In the Musical Melange, ""The Call of the Sixties""",1
"Bert Kalmar and Jessie Brown, Presenting Original Songs and Dances",1
James Hussey and Al. Lee,1
Miss Louise Galloway,1
"The Four Readings, Hand-to-Hand Acrobats in Somersaults and Flying Leaps",1
Dane Claudius,1
Lillian Scarlet,1
Edward Miller (as Edw. Miller),1
Helene Vincent,1
Armand Cortes,1
Cecil Archer Burton,1
Fanny Kidston,1
Carmen Granada,1
Doris Vernon,1
Adele Maynard,1
Al. Lee  ,1
John A. Butler,1
Doris Hardy,1
Alleyne Pickford,1
Juggling De Lisle,1
Thelma Hoffel ,1
Milton Silsbe,1
Edward Stokem,1
Maude Powell,1
Blanche Barnes,1
Ara Martin,1
Nellie Crawford,1
Isabella Burnside,1
Grace Russell,1
Thelma Hoffel,1
Sadie Mullen,1
Louise Cameron,1
Tess Allen,1
Percy Weller,1
"Marcus and Gartelle, Comedy Skatorialists",1
"Four Solis Brothers, Marimba Masters",1
"Bert Fitzgibbon, Original Daffydil Comedian",1
Agnes Scott and Henry Keane,1
"Three Yoscarrys, European Acrobats",1
"Agnes Scott and Henry Keane, in their Dainty Offering ""Drifting""",1
"Leon Sprague and Nellie McNeece, Entertainers on the Rollers",1
"Miller and Mack, Dancers",1
"George W. Barry and Maude Wolford, Singing Their Own Songs",1
The Spanish Mimes,1
"Carlo Casetta and Lillian Lestora, in Their ""La Danse Dementia""",1
"Walter Van Brunt, America's Popular Phonograph Singer",1
"The Gasch Sisters, Premier Lady Gymnasts",1
Walter Van Brunt,1
Carlo Casetta and Lillian Lestora,1
George W. Barry and Maude Wolford,1
Jennie Colborn,1
"Billy ""Swede"" Hall and Company",1
Miller and Mack,1
Leon Sprague and Nellie McNeece,1
The Gasch Sisters,1
Lillian Lestora,1
Fred. A. Burke,1
Madeline Berlo,1
Agnes Carroll,1
May Milloy,1
Grace Healy,1
Roxane Lansing,1
Ada Curry,1
Sarah De Grose,1
Margaret Belmont,1
Gladys Webster,1
Elsa Grosser,1
Carlo Casetta,1
Hilarion Ceballos,1
Zamora Pierce,1
William Harvey,1
"Wartenberg Brothers, The World-Famous Double Foot Jugglers",1
"Du Calion, The Talkative Englishman on the Tottering Ladder",1
Techow's Trained Cats,1
Tim McMahon and Edith Chappelle,1
"Berrick and Hart, Donald Archer and The Shaw Twins",1
"Dolly Connolly, In Songs",1
Blanche Walsh and Company,1
"Arthur Hill and Sylvia Sylviany, In Their Original Sensational Unicycle Act",1
Hill and Sylviany unicycle act,1
Sylvia Sylviany,1
Arthur Hill,1
Edith Chappelle,1
Tim McMahon,1
Wartenberg Brothers,1
the Shaw twins,1
Willfred Berrick,1
Joseph Martel,1
William M. Travers,1
Alice Shaw,1
The Great Richards,1
"Burley and Burley, The Quaint Comedians, ""The Dude and the Scot""",1
"M. Nederveld's Simian Jockey, In a Laughable Exhibition of Equestrian and Bicycle Riding",1
"Tony Hunting and Corinne Francis, ""A Love Lozenger""",1
"Chas. and Fanny Van, and Fred. C. Van",1
"Rush Ling Toy, The Eminent Chinese Mystifier, Presenting with Lightning Rapidity the Greatest Array of Illusions Ever Seen in America",1
"Elizabeth Murray, Dialect Songs and Stories",1
"The Mowatts, The World's Jugglers",1
Gertrude Hoffman,1
Polly Stockwell,1
Edgar Ballou,1
William Evarts,1
"Belle Onra, Lady Aerialiste",1
"Polly Prim, Singing Comedienne",1
"Ray Conlin, The Acme of Sub-Vocal Comedy",1
"W. Uessem's, In Their Acrobatic Sketch, ""Artists' Children""",1
"Rita Gould, The Star of 1914",1
"James Diamond and Sibyl Brennan, In ""Niftynonsense""",1
"Harry Tate, Presents His Company of English Comedians",1
"George E. Delmore and Wm. De Graaf Lee, America's Most Artistic Gymnasts",1
Rita Gould,1
W. Uesseum's Third Generation,1
Lucia Carne,1
Dave Stampfer,1
George W. Callahan,1
Gladys Clark,1
Mae Waldron,1
Lucille Pearl,1
Miss Tommy Carpenter,1
Zetella Dolores,1
Tom Shannon,1
George Manton,1
Mae Wardron,1
Mae Bronte,1
Percy Waram,1
"Emlye Sisters, Sensational Aerial Artistes",1
"Stan-Stanley Trio, ""Odd Funsters""",1
"Lew Brice and Lillian Gonne, The Eccentric Comedian and the Original Sassy Little",1
"Eva Shirley, The Youngest Prima Donna in Vaudeville",1
Mrs. Gene Hughes,1
Adele C. Potter,1
Stuyvesant Hinslaw,1
Harry De Costa,1
Katherine Kavanaugh,1
Addie St. Alva,1
Daisy Beasley,1
Chas. W. King,1
John P. Wade,1
Bison City Four,1
Mr. John P. Wade,1
Mr. Chas. W. King,1
Miss Daisy Besley,1
"Dennis Brothers, Kings of Aerial Revolving Ladder",1
"Bison City Four:  Milo, Girard, Hughes, Roscoe, Different From All Others",1
Edw. Blondell and Company,1
"Mlle. Marguerite, Assistant to Carl Rosine",1
"Mon. Alexis, Assistant to Nana",1
Velanche's Football Dogs,1
"Arthur Astill, The Whistling Plough Boy",1
"Edna Whistler, In Songs",1
"Six Musical Cuttys, America's Noted Musical Family",1
Diana Storm,1
Claire Clohissie,1
Geo. M. Vail,1
Adelyn Wesley,1
Harry Vernon,1
Clyde Benson,1
John McKee,1
Theodore Wilde,1
Harrison J. Terry,1
Vincent Page,1
Marion Bradbury,1
Flora Mason,1
William J. Mack,1
Jack Burt,1
Roy Baker,1
Esther Howard,1
Norine Miller,1
Fred. Hampton,1
Lea Leture,1
Harry Fisher,1
Ann Tasker,1
Harold Crane,1
Nat Fields,1
Jerry Hart,1
James Dyso,1
Naomi Dale,1
Mabel d'Elmar,1
Fannie Grant,1
Bert Devlin,1
Frank Gilbert,1
Joseph Hadley,1
Mr. Fred Duffy,1
Mr. James Dyso,1
Mr. James C. Breese,1
Mr. Jack Jarrott,1
Mr. Harry Clark,1
Miss Maud Gray,1
"Blanche Sloan, The Girl of the Air",1
"Dolce Sisters, Vaudeville's Daintiest Singing Act",1
"Dick Lynch, Tenor",1
"Those Four Entertainers, A Harmonious Blend of Fun and Music",1
"Famous Alpine Troupe, Originators of the Aerial Double Wire",1
Lee White and Geo. Perry,1
Halligan and Sykes,1
Hoey' and Lee,1
Famous Alpine Troupe,1
Jack Williams,1
James Thompson,1
C.J. Harvey,1
Tom Maguire,1
George Fields,1
John Fleming,1
Bernard Randall,1
W.H. Ferris,1
Dick Lynch,1
Vivia Ogden,1
Erville Anderson,1
Cameo Rae,1
Edna Rich,1
Agnes Carlyle,1
Forrest Orr,1
Adele Covert,1
Ann Ives,1
Blanche Lipton,1
Albert Tovell,1
J. M. Colville,1
Lew Virden,1
Matt Wheeler,1
Wilfred Clarke,1
Colt Albertson,1
Grace Menken,1
Helena Aynsleigh,1
Mr. Edward McGuinness,1
Mr. Wilfred Clarke,1
May Herbert,1
Mr. Edward McGuiness,1
Gladys Granger,1
Marie Van,1
D. Stanley Brown,1
"Cliff Gordon, The German Politician",1
"Buckley's Animals, Introducing Teddy the Roller Skating Bear",1
Geiger and The Violin That Talks   ,1
"Kate Watson, The Truly Rural Girl",1
Maude Lambert and Ernest Ball,1
Wilfred Clarke Company,1
"Pealson and Goldie, Character Singing Comedians",1
"Kitamura Troupe, Wonderful Japanese Acrobats and Equilibrists",1
"Phina and Company, In a Classy Singing and Dancing Act",1
Ernest Ball,1
Christina Nielsen,1
Mr. Kenneth Ryan ,1
Miss Vera Finlay ,1
"The Misses May Tormey, Nedda Nilssen, Teresa Allen, Helen Miller, Anita Francesca, Estelle Francesca, Berna Devore, Diane Oste, Elsa Reinhardt, May Willard, Lillian Hanson, Daisy Rudd",1
Byrd Goolsby,1
"Philip Sohlke, Percy M. Weller, Edward Stokem, Jack Rice, Jay Melville, Louis Strangard, Charles Miller, Milton Silsbe, Joe Rogers, Victor Bozart",1
"Celie Pink, Nellie Crawford, Ara Martin, Blanche Barnes, Opal Flynn, Maude Powell, Lee Leontine, Pease Diehl, Margie Cogan, Neinda Snow",1
"Gracia Hammond, Tess Allen, Mabel Allen, Gladys Breston, Billie De Hon, Estella Frazer, Viola Williams, Louise Cameron, Halle Crouse, Sadie Mullen",1
Schreck and Percival,1
Nana,1
Blance Shirley,1
tenor,1
Miss A. De Vien,1
Miss F. Monti,1
Mr. F. Mauro,1
Miss A. Jacoby,1
Mr. G. Pimazzoni,1
Mr. G. Auzalone,1
Mme. A. Baroni,1
Mme. M. Pateri,1
Mr. F. Macaluso,1
Mr. A. De Carli,1
Mr. B. Sibanello,1
Mr. G. Auralone,1
Mr. M. Tucanti,1
Mr. G. Ausalone,1
"Leach and Wallin, Original Iron Jaw Wire Act",1
"Arthur Stuart and Hazel Keeley, Presenting a Classy Dancing Novelty",1
"Harry B. Lester, The Jovial Jester",1
"Harry De Coe, The Man With The Tables And Chairs",1
"Big City Four: Rover, Bates, Emerson, Wood, ""Sweetest Singing Quartette in Vaudeville""",1
"Paul Gordan and Ame Rica, The Versatile Sensations of Cycling",1
Alice Hoyt,1
Loretta Dale,1
Mabel Sparkes,1
Earl Ryder,1
Osborne Searle,1
Earl Ryder ,1
Helen Du Bois,1
Marguerite Zimmerman,1
Dorothea Sadler,1
Hattie Arnold,1
Nellie McCoy,1
Ida Fitzhugh,1
Louise Bliss,1
Nina Barbour,1
Frances Ray,1
Ethel Karey,1
Harold H. Forde,1
Ralph Riggs,1
George Ridgwell,1
Harrison Brockbank,1
Arthur Forrest,1
Katherine Witchie,1
Maud Stone,1
Ruth Gribben,1
Anna Dexter,1
Leah Griffith,1
Erma Sawtelle,1
Frances Ring,1
Teresa Fern,1
Mary Murphy,1
Marie Taylor,1
Frederick Maynard,1
Ione Bright,1
Joseph Leslie,1
George K. Henery,1
Horace James,1
Spencer Charters,1
Russell Pincus,1
Lillian Hanson,1
Berna Devore,1
Estelle Francesca,1
Anita Francesca,1
Helen Miller,1
Nedda Nilssen,1
Herbert Dunham,1
Alex. Gibson,1
Leslie Powers,1
Harry Harrington,1
Robert Hunter,1
Barry Delaney,1
Clay Hill,1
John Klaboe,1
Fred Bates,1
Dolly Filley,1
Emily Price,1
May Miller,1
Jane Houston,1
Aileen Pickard,1
Lillian Foster,1
Gertrude Rutland,1
Ray Miller,1
Ethel Tennis,1
Eileen Jackson,1
Margie Herman,1
Amy Wilson,1
Katherine Humphrey,1
Bertie Britton,1
Margaret Day,1
Emil Berla,1
Elsie Dorset,1
Elvira von Tuerk-Rohn,1
"Carl Albrecht, Fred. Wienee, Albert Klein",1
Albert Klein,1
Fred. Wienee,1
Carl Albrecht,1
Elvira Von Tuerk-Rohn,1
Cecil Cunningham,1
Will Philbrick,1
Mlle. Elene Leska,1
Taylor Holmes,1
Catherine Hayes,1
Donald Chalmers,1
Marion Whitney,1
Briggs French,1
H. P. Wagner,1
Daisy McNally,1
Devor Alvarez,1
Doris Ferges,1
Mildred Lawrence,1
Violet De Biccai,1
George Healy,1
Billie St. Clair,1
Monte Grayce,1
Fred M. Fisher,1
Martin Conroy,1
Alys Baldwin,1
Blixie Murrie,1
Ellen Evans,1
"Messrs. Lovie, Bogart, Nathan, Gold, McCormack, Landres, Deem, Wilson, Rubinroff, Rose, Dreese, Brunner, Cordero",1
"Messrs. Cryan, Long, Jackson, Doolan, Sachs, Cody, Scott, Reese, Edward, Pendergast",1
"Misses Loraine, Jerome, Merritt, Ashton, Proctor, Barrie, Hill, Linnell",1
"Misses Siegel, Rudd, Roche, McKenzie, Gray, Campbell, Thornton",1
"Misses Babin, Smith, Adair, May, Hill, Barnette, Mooney, Williamson",1
"Misses Huntington, Parry, Perot, Rothwell, Myrtle, Oliver, Springer, Langdon",1
"Misses Williamson, Ashton, Barnette, Mooney, Merritt, Hill, McKenzie, Linnell",1
"Misses Merritt, Smith, Roche, Barnette, Linnell, Oliver, Lean, Springer, Adair, Gray, Ashton, Williamson, May, Barrie, Hill, Proctor, Loraine, Myrtle, Rothwell, Siegel, Parry, Campbell, Hill, McKenzie, Jerome, Frazer, Rudd, Thornton, Huntington, Perot, Baline, and Langdon",1
"Messrs. Cryan, Jackson, Lovel, Doolan, Sachs, McCormack, Landres, Rubinroff, Edward, Gold, Cardero, Pendergast, Reese, Brunner, Wilson, Nathan, Scott, Cody, Lang, Drees, Rose, Bogart, Deem",1
Frank Pollock,1
Ernest Torrence,1
George Burke Scott,1
Anna Estelle Wolcott,1
Margaret Smith,1
Cigarettes,1
Henriette Wakefield,1
Jessie Bradbury,1
Alice Yorke,1
Olive Oliver,1
Agnes Everett,1
Josephine Stevens,1
John Beck and Frank Russell,1
John Beck,1
Percy M. Weller,1
Opal Flynn,1
Edward McNulty ,1
Harry Crapo,1
J.K. Murray,1
Robert Buchanan,1
Albert Hedges,1
Irene Pawloska,1
Charles Meakins,1
Bert Gilbert,1
Jack Squires,1
Edward Smith,1
Eva Ball,1
Bernard Schmidt,1
"Misses Sheridan, Muller, Lee, Fellows, Elliott, DeWitt, Mason, Mellette, Flint, Gray, Huben and Thaber; Messrs. Buchanan, Smith, Pollock, Stewart, Colvin, Heilbrun, Black, Squires, McAvoy, Crapo, Brackett, Condon, Devore, Everett and Pikos",1
"Misses Busch, Borden, Ray, Huben, Florida Bellaire, Rita Bellaire, Morn and Christopher",1
"Misses Sheridan, Muller, Lee, Fellows, Elliott, DeWitt, Mason, Mellette, Flint, Gray, Huben",1
"Misses Busch, Borden, Ray, Huben, Cecil, Baedor, Eva and Madelyn Ball",1
Edwin Smedley,1
Marie L. Day,1
Violet Mersereau,1
Clara Mersereau,1
Edna Flugrath,1
Jack Pendleton,1
B. F. Graham,1
Noah Beery,1
C. Paul Schwager,1
David Warfield,1
Evelyn Jone,1
Stella Archer,1
Little Ruth Ormsby,1
Dorothy Merritt,1
Alpheus Ethier,1
George Clare,1
Reginald Barker,1
Alden Wheeler,1
Chas. W. Hopkins,1
Jane Burbank,1
Henry Wiseman,1
Jane English,1
Margaret Dougherty,1
Wanda Carlyle,1
Le Roy Johnson,1
Harvey Clark,1
Edna Conroy,1
"Irving Berlin, The Song Man of the Hour",1
Ben Edwards (Brother of Gus Edwards),1
"Eleanor Fischer, the Little Girl with the Big Voice",1
"Maurice Abrahams and Abraham Wohlman, Popular Song Writers",1
"Harry Thompson, The Mayor of the Bowery",1
"Lew Reed and Al Tucker, The Dancing Violinists",1
"Sidney C. Gibson, Always Different",1
"Eddie Cline, The Box-Office Tenor",1
"Kohl and Wood, ""Those Two Fuels,"" Milton Harris and Lew Nap Wood",1
"Will Steinfeld and Bert Hirsch, The Cabaret Boys",1
College Inn Four,1
"Bob Fisher, The Melody Lad",1
"Dick Richards, Pianologue",1
"F. A. Mills, Jerome H. Remick and Ted Synder",1
Mme. Kenny Lipzin,1
Milton Harris - Kohl and Wood - Lew Nap,1
Mme. Lipzin,1
Ben Edwards,1
Irving Berlin,1
Lew Pollack,1
Thomas Bennett,1
James E. Miller,1
Don Merrifield,1
J. P. Sullivan,1
Wm. T. Sheehan,1
Gerald McCoy,1
Charles McHenry,1
Morey Hanta,1
P. J. Burke,1
Charles Dox,1
Clara Palmer,1
Helen Falconer,1
James G. Reaney,1
Florence Topham,1
Harold Russell,1
Mack Whiting,1
Virginia Kendall,1
Marie Thompson,1
G. Melville,1
Ed. Reader,1
Bessie Pardue,1
"Florence Williams, Dorothy Bertrand, Evelyn Carroll, Madelaine Dupont, Virginia Kendall, Florence Mellville, Jane Sheridan, Dorothy Honey, Irene Samsel, May Carey, Isabel Falconer, Peggy Preston, Margaret Trevor, Harry Silvey, Maurice Avery, Johnny Ryan, Fred Laderman, Arthur Keuster, Lester Garvey, Clarence Strong",1
Clarence Strong,1
Ed Reader,1
W.J. McCarthy,1
Emma Trentini,1
Davis Wheeler,1
Wm. H. Fitzgerald,1
Eugene McGregor,1
F. Holmes,1
Charles Prince,1
L. J. De Bold,1
Carry Poltz,1
Lillian Ludlow,1
Bessie Hall,1
Helen Carter,1
Evelyn Ratcliffe,1
Pauline Sterling,1
Bessie Hale,1
Dan Dale,1
Walter Lysat,1
H. Bergman,1
Ross Snow,1
May Donohue,1
Betty McNeel,1
Edith Frost,1
Grace Ady,1
Cecelia Navagio,1
C. Fred. Hodges,1
Elven E. Hodges,1
Jesse H. Jacobson,1
George M. Smith,1
Dave Conroy,1
Dick Simmons,1
Annette Collins,1
Grete Von Mayhof,1
James Bradbury,1
Louise Sydmuth,1
Frank M. Thomas,1
Maude Turner Gordon,1
F. J. McCarthy,1
Arthur Hoyt,1
John McKenna,1
"Messrs. Ehrig, Ambacher, Klein, O. Moulter, R. Moulter, Houst and Lansor",1
Vivian Wessell,1
Joseph Kilgour,1
Babe Smith,1
Louise Griffith,1
Alfred Rafael,1
Percy Leach,1
Alma Holt,1
Evelyn Sylvester,1
Marie Stone,1
Jack Stansfield,1
Eddie Lambert,1
Jeanette Dix,1
Miss Grace Grindell,1
Miss Louise Gale,1
Mr. Henry Detloff,1
Cissie Shatten,1
Anna Sayce,1
Millie Lorraine,1
Mittie Bright,1
Helen Luchs,1
Alice Clifford,1
Marjorie Cogan,1
Rita Mason,1
Lew Page,1
Nettie Hamilton,1
Edna Ford,1
Vera DeFord,1
Minnie Monroe,1
Russell Griswold,1
Jean Newcombe,1
Harry Clarke,1
Ann Pennington,1
John Hendricks,1
James Donnelly,1
Lincoln Plumer,1
Theodore Martin,1
Augusta Lang,1
Vivian Rogers,1
Miss Courtney,1
Daisy Marshall,1
Mattie Vance,1
"Misses Cantor, Darling, Devore, Rogers, Pauly, Gildea, Watson, Wood, Mangasarin, Dickson",1
"Misses Cantor, Gildea, Darling, Devere, Dickson, Mangasarin, Pauly, Wrenn, Rogers, Wood",1
"Misses Kitty Devere, Vivian Rogers, Anna Pauly, Mary Gildea, Beck Wood, Christine Mangasarin, Nina Goulette",1
Poney Cantor and Fay Darling,1
William Lafferty,1
Lee Carrier,1
D. Dickson,1
Clara Schroeder,1
John Park,1
Georgie Mack,1
Maud Turner Gordon,1
Marguerite Farrell,1
H. Hooper,1
Pietro Canova,1
Katherine Stossel,1
Albert Sachs,1
Ella Yuhen,1
Miss McKay,1
Marjorie Edwards,1
Miss Brown,1
Marie Elliott,1
Adele Archer,1
Miss Gunning,1
Edwin Lyle,1
Jas. S. Murray,1
August Behrens,1
"Reynods, Hearst, Auersman, Marx",1
"Misses Cassani, Le Clair, Allen, Schroeder, Reinhart",1
"Misses Franko, McClellan, Jeanette, Simon, Birt",1
"Misses Baldwin, Keenan, Behrens, Leighton, Pullman, Tagart, Chaufrane, Davis, Elliott, Marsel, Franzen, Rohan",1
"Messrs. Fisher, Speedling, Klein, Tiernauer, Marx, Silver, Lavitz, Robinson, Rosenbloom, Levine, Sobelson, Erzhoff, Auersman, Hearst, Sachs",1
Sydney Booth,1
Harry Hilliard,1
Edwin Maxwell,1
Michael Wilens,1
Kalman Matus ,1
Kalman Matus,1
Arnold Daly,1
White Gold,1
Clothing,1
Shorty Edwards,1
Geo. W. Barbier,1
Robert Bernard,1
Tom Jafolla,1
Noel Fahnestock,1
Charles Newton,1
Mabel Melvine,1
Viola Hopkins,1
Isabel Daintry,1
Marion Davis,1
Pearl Dehl,1
Arthur Delmore,1
Isabel Groves,1
"Walter S. (""Rube"") Dickinson, In his own Original Character Creation, ""The Ex-Justice of the Peace""",1
"The Diving Seal, Presented by the Three Travilla Brothers",1
"Jas. P. Conlin, Lillian Steele and Eddie Carr, Follies of Vaudeville",1
William H. Thompson With his Company,1
Paul Morton and Naomi Glass,1
La Toy Brothers,1
Kirk and Fogarty,1
Lora,1
Kaufman Troupe,1
Ray Dooley's Metropolitan Minstrels,1
Ed Gallager and Joe Fields,1
The Kinetophone,1
Willard Mack and Marjorie Rambeau,1
Maggie Cline,1
Four Florimonds,1
Naomi Glass,1
Paul Morton,1
"Jas. P. Conlin, Lillian Steele, and Eddie Carr",1
Three Travilla Brothers,1
The Diving Seal,1
"Walter S. ""Rube"" Dickinson",1
Leonard and Louie,1
Lena Pinaud,1
Estelle Thebaud,1
Kitty Lawrence,1
John H. Greene,1
Bernard Gorcey,1
Daisy Belmore,1
Elsie Wheeler,1
Margaret Connyee,1
Mr. Sherman Wade,1
Miss Alice Palmer,1
Miss Elizabeth Murray,1
Miss Frances Cameron,1
Mr. A.G. Pyke,1
Ella Ray,1
Jeannete D'Arville,1
Miss Lina Abarbanell,1
Jeannette D'Arville,1
Mr. Harry Fraser,1
Mr. Russell Griswold,1
Miss Irene Castle,1
Miss Helene Todd,1
Miss May Hopkins,1
Miss Daisy Delmar,1
Miss Maude Worden,1
Mr. Forrest Young,1
Mr. Edward McNulty,1
Mr. Al. Leech,1
Mr. Joseph Santley,1
Miss Lilian Herlein,1
Miss Bessie Clifford,1
Miss Helen Hayes,1
Miss May Maloney,1
Miss Grace Gilbert,1
Gerald Rogers,1
Raymond Van Rensselaer,1
Emily Lorraine,1
William T. Hays,1
William Faversham ,1
Stanley Dark,1
Halbert Brown,1
Henry Vaughan,1
Wallace Widdecombe,1
Malcolm Owen,1
Gertrude Hitz,1
Helen Langford,1
Juliet Fremont,1
Mr. Wallace Widdecombe,1
Mr. Stanley Dark,1
Lotta Linthicum,1
Jane Marbury,1
Edwin Cushman,1
Charles P. Morrison,1
Jeanne Eagles,1
James C. Spottswood,1
Nannie Palmer,1
Kathryn Tyndall,1
Belle Theodore,1
Cora Witherspoon,1
Edna Griffin,1
Agnes Barrington,1
Lilly Cahill,1
Eleanor Hall,1
Adelaide Barrett,1
Mr. Chauncey Olcott,1
Stephen Davis,1
Jessie Crommette,1
Maud Hosford,1
Edith Luckett,1
Charles E. Verner,1
Fleming Ward,1
Richard Quilter,1
Bessie LeaLestina,1
Nina Saville,1
Walter Colligan,1
Frank Whitman,1
Harriet Leidy,1
"""Patsy"" DeForest",1
Carl Mayer,1
Mrs. Thomas Whiffen,1
George Hubbard,1
Robert Entwistle,1
Frank Morgan,1
Francis Landy,1
Conrad Cantzen,1
Marian Nichols,1
Mr. Wm. F.  Edwards,1
Mr. Harry I. Fraser,1
Victor Browne ,1
Frederick Clayton,1
Harry I. Fraser,1
Edmund Dalby,1
Virginia Wilson  ,1
Helen Young,1
Walter Hill,1
Wm. F. Edwards,1
Mr. Frank Mason,1
"The Ramsdell Trio, Premier Dancing Marvels",1
Roy Cummings and Helen Gladyings,1
The Gray Trio,1
Robert L. Dailey and Company,1
"Trovato, The Eccentric Violinist",1
The Ramsdell Trio,1
Trovato,1
R. S. Roberts,1
Hester Armstrong,1
Robert L. Dailey,1
James William Fitzpatrick,1
Frances Gordon,1
Flora Crosbie,1
F. Newton Lindo,1
Joseph Carey,1
Teddy Hudson,1
Zani Curzon,1
Margaret Morris,1
Irene O'Donnell,1
Gladys Zell,1
"Fred Wright, Jr.",1
Ruby Lewis,1
Polly Bowman,1
Scott Welsh,1
Hazel Dawn,1
Frank Lalor,1
Maurice Hegeman,1
W. Jackson Sadler,1
Viloini,1
"Janet Beecher, William Morris, Jane Grey, Cora Witherspoon, Belle Theodore, Julie Grey, Adelaide Barrett, Juanita Owen, James Kearney, Kathryn Tyndall, Lily Cahill, Agnes Barrington",1
Mabel Taliaferro,1
Aubrey Beattie,1
Mabel Bert,1
Junius Matthews,1
Richard Sterling,1
Regan Hughston,1
Sumner Gard,1
Guy D'Ennery,1
Richard Fanning,1
"The Misses Sadie Berger, Leona Bitter, Jane Hood, Sadie Hill, Lillian Whiting, Emily Powers",1
"The Messrs. Fred Roberts, Harry Prew, George Scannell, Harry Wilcox, Malcolm Grindell, Edward McNulty",1
"The Misses Adelaide Mason, Ruth Pecan, Eunice Hamilton, Edna Chase, Hazel Rosewood, Olive Carr, Elise Hamilton, Lola Curtis, Gertrude Moyer, Lynn Darcy, Nettie Lyon, Grace Grindell, Hazel Robertson, May Willard, May Hopkins, Gladys Feldman, Gladys Breston, Hermoine Brown, Edna Caruthers, Elsa Reinhardt, Emily Miles, Madge Vincent, Martha Dean, Vera Olcott, Katherine O'Neil, Marjorie Purcell",1
"The Misses Pattie Rose, Fay Tincher, Louise Owen, Flora Russell, Amelia Abrams, Vinnie Mason, Clara Lloyd, Libbia Diamond, Beatrice Capulet, Nancy Smith",1
"The Misses Lola Curtis, Fay Tincher, Hazel Rosewood, Pattie Rose, Louise Owen, Eunice Hamilton, Adelaide Mason, Ruth Pecan, Olive Carr, Elise Hamilton, Vinnie Mason",1
"The Misses Beatrice Capulet, Louise Abrams, Gertrude Moyer, Emily Miles, Clara Lloyd, Nancy Smith, Flora Russell, Libbia Diamond, Madge Vincent, Edna Chase, Frances Nelson, Sadie Carr, Marjorie Purcell, Frances Duront, Vera Olcott, Katherine O'Neill",1
"The Misses Elsa Reinhardt, May Willard, May Hopkins, Gladys Breston, Hazel Robertson, Lynn D'Arcy, Edna Caruthers, Gladys Feldman, Hermoine Brown, Nettie Lyon, Grace Grindell, Martha Dean",1
T.E.B. Henry,1
John C. Hickey,1
M.A. Kelly,1
Franklyn Horton,1
Charles Lawrence,1
John C. Leslie,1
Frederic Morris,1
Percy Haswell,1
Juliet Shelby,1
George Thatcher,1
Mamie Lincoln,1
Lawrence Merton,1
Fred Kley,1
William B. Mack,1
Dustin and William Farnum,1
Maggie Pepper,1
E.M. Holland,1
Joseph Monehan,1
Nedra Depp,1
Maurice Cass,1
Roy Hoyer,1
Marjorie Gateson,1
Blanche Morrison,1
Helen Larkins,1
Irene Medora,1
Laura Lyle Smith,1
Charles Anderson,1
Harry Depp,1
Albert Stuart,1
John Alexander,1
Edna Munsey,1
Colin Campbell,1
F. Stanton Heck,1
Margaret Anderson,1
Paul Everton,1
Maidel Turner,1
Josephine Victor,1
Edward J. Mack,1
Katherine La Salle,1
Annie Mack Berlein,1
Katherine Harris,1
Noel Arnold,1
Miss MacDonald,1
Charles W. Meyers,1
Miss Frances Du Barry,1
Edward Metcalf,1
Vincent Sullivan,1
Isabel C. Francis,1
Miss Gertrude Rudd,1
Mr. Edward Metcalf,1
Mr. Charles W. Meyers,1
Miss Elizabeth Bell,1
Mr. Arthur Thalasso,1
Miss Gertrude Holland,1
Miss Beatrice Singer,1
Miss Anitra MacTavish,1
Miss Isabel C. Francis,1
Mr. Vincent Sullivan,1
Mr. Albert Van Sand,1
Mr. Jack Gibson,1
Mr. R. Rhys,1
Mr. Dick Van Dyck,1
Mr. Karl Porter,1
Mr. Otto Wilson,1
Miss Violet Laurel,1
Miss Anitra McTavish,1
Edward Kline,1
Miss Bowen,1
Miss Beth Stone,1
Mr. Lomax,1
Lew Welch,1
Edward Shoben,1
Joseph Sterling,1
"Fred Fleck, Jr.",1
W. H. Leyden,1
J. Irving Southard,1
Robert Barber,1
Lester Williams,1
Walter Smith,1
Jane Fearnley,1
Katherine DeBarry,1
Jean King,1
Mildred Barker,1
Francisca Rotolio,1
Lew Weich,1
Thos. J. Tempest,1
Frank Maher,1
Jules Jordan,1
Mabel Vanette,1
Mrs. Frank Chapman,1
Ethel Munson,1
Ella Hughes,1
Clare Evans,1
Graham Earle,1
Corwin Luskmoor,1
Josephine Baldwin,1
John A. Robb,1
Katherine Maddox Wayne,1
Frank Minzey,1
Jessie Ralph,1
Margaret McWade,1
Warner Oland,1
George W. Barnum,1
Harrison Hunter,1
Gertrude Dalton,1
R. H. Hudson,1
Frances Kennedy,1
Donald Macdonald,1
E. L. Fernandez,1
Wallace Owen,1
William Pruette,1
Allen Kearns,1
Thomas Fulton,1
Katherine Belkan,1
Millie Dupree,1
Catherine Milligan,1
Helen Lee,1
Geraldine La Meer,1
Mildred Barret,1
Anita Barretto,1
Lillian Lawrence,1
Jane Barry,1
Sally Ronayne,1
Madge Giffin,1
Dorothy Stevens,1
Marjorie Barnes,1
Louise Grant,1
Laura Brown,1
F. Carey,1
F. More,1
J. Maloney,1
J. Mills,1
Wallace Ford,1
Wilfred Draycott,1
Bianca Robinson,1
Jean Murdoch,1
Edith Page,1
Mrs. Adeline Stanhope Wheatcroft,1
John B. Hollis,1
Elizabeth McNiff,1
Gaston Bell,1
Barbara Tennant,1
Carlotta Doty,1
Alice John,1
Reginald Mason,1
Mrs. Fiske,1
New York Lyceum Theatre Company,1
John S. Robertson,1
Frederick Malcolm,1
E.Y. Backus,1
Harry Davenport,1
Karra Kenwyn,1
Hazel Malcolm,1
Maud B. Sinclair,1
Lillian Thurgate,1
E. Y. Backus,1
Charles Dillingham,1
Fred A. Sullivan,1
Edward McNulty,1
Malcolm Grindell,1
George Scannell,1
Harry Prew,1
Emily Powers,1
Sadie Hill,1
Mabel Hill,1
Vinnie Mason,1
Ruth Pecan,1
Eunice Hamilton,1
Louise Owen,1
Hazel Rosewood,1
Edna Leonard,1
Claudia Esmond,1
Marjorie Purcell,1
Libbia Diamond,1
Nancy Smith,1
Louise Abrams,1
Elaine Hall,1
Grace Grindell,1
Edna Caruthers,1
Lynn D'Arcy,1
Hazel Robertson,1
May Hopkins,1
"The Aerial Shaws, Exclusive Feats, Marvelous Skill and Perilous Execution on the Trapeze",1
"Gus. Hibbert and Harold Kennedy, ""Colored, But Not Born That Way.""",1
"Mr. Tameo Kajiyama of Japan, In His Caligraphic Exhibition of Psychological Interest",1
Kathleen Clifford,1
"Ned Munroe and Chas. A. Pusey, ""Just Blacked Up.""",1
"John and Mae Burke, ""A Ragtime Soldier""",1
"Schiavoni Troupe, Wonderful European Acrobats",1
"Bobby Watson, Assistant to Liane Carrera",1
Leonard McGarvey,1
Martin Hickey,1
Walter White,1
Edgar Allyn,1
Will Oakland,1
Anthony Andre,1
Joseph Kisher,1
G. H. Beurmann,1
Adelaide Prince,1
Edith Campbell,1
Alice Claire Elliott,1
Bruce McRae,1
Rex McDougall,1
Westropp Saunders,1
Daisy Adams,1
Florence LeClercq,1
Tommy Tobin,1
Kenyon Bishop,1
Joe Barlow,1
G. Berliner,1
Mr. Bores Thomashefsky,1
Thomashefsky's Theatre Company of New York,1
Edwar Garvie,1
Wm. S. Lyons,1
T. J. McMahon,1
Wm. Eville,1
F. C. Butler,1
F.C. Butler,1
T.J. McMahon,1
Frank Moulan,1
May De Sousa,1
Thomas W. Ryley,1
May De Sousa and Frank Moulan,1
James Gardner,1
Wilmer Bentley,1
Beatrice Noyes,1
James Cody,1
Charles E. Sturges,1
Adelle Adams,1
Frank Hand,1
Raymond Van Sickle,1
Frank Beamich,1
Marion Stephenson,1
G. Davison Clark,1
Charles Mathews,1
Cherrie Carlisle,1
Helen Leslie,1
Alice Warren,1
George Parsons,1
Jessie Graham,1
Eva Mae Francis,1
Lorena Atwood,1
Joseph Allen,1
Jeanette Horton,1
Roy Fairchild,1
Martin L. Alsop,1
Claude Brooke,1
Carleton Macy,1
