Playwright,226
Producer,196
Director,133
Composer,87
George Drumm's Bronx Theatre Orchestra,71
Stage Manager,70
Orchestra,69
Musical Director,68
Leo C. Teller,65
Lessee and Manager,61
Properties,57
Business Manager,48
Conductor,44
,42
Edgar Smith,39
Stage Director,39
Producers,38
Lyricist,35
Manager,33
Playwrights,32
Cora MacGeachey,32
E. Ray Goetz,32
Master Mechanic,31
A. Baldwin Sloane,31
Costume Designer,31
Music,30
M. P. Krueger,30
Lew Fields,28
Costumes,28
Scenery Painter,28
Scenery,24
Electrician,24
Arthur Spitz and Edward Seidle,22
Mr. Hilding Anderson,22
Composers,21
Assistant Electrician,20
Master of Properties,20
Orchestrations,20
George A. Nichols,19
Scenery Builder,19
Wardrobe Mistress,19
John Young,18
Glen MacDonough,18
Chief Electrician,18
Edgar Smith and E. Ray Goetz,17
Ada Barclay,17
Arthur Voegtlin,17
Assistant Stage Manager,17
Edgar Allan Woolf,16
Author,16
Lyricists,15
W. H. Oviatt,15
Charles Fields,15
Gus Sohlke,14
Jesse L. Lasky,14
Joseph Sanford,14
David Atchison,14
General Press Representative,14
Ned Wayburn,14
H. Robert Law,14
A. H. Woods,14
Acting Manager,14
Sol. Fields,13
General Manager,13
Joseph Hart,12
John Stromberg and A. Baldwin Sloane,12
Directors,12
James Greenhouse,12
John E. Lynehan,12
William Raymond Sill,12
Mistress of Wardrobe,12
Drum Effects,12
Frank C. Langley,12
Orchestra Conductor,11
Arthur Spitz,11
Book and Lyrics,11
Choreographer,11
Carpenter,11
Thomas A. Edison,10
George Williams,10
Mme. Ada Barclay,10
Fred De Gresac and Harry B. Smith,10
Wm. J. Wilson,10
Arthur Hopkins,9
Representative for Mr. Weber,9
Arthur R. Evans,9
Production Company,9
Dabney Lee Smith,9
Manager for Lew Fields,9
Costume Plates,9
Master Carpenter,9
Gowns,9
Scenic designer,9
Weber and Fields Jubilee Company,8
Scenery Construction,8
Assistant Stage Director,8
Sohlke ,8
Writer,8
Electrical Effects,8
William Le Baron,8
Gus. Sohlke,8
"J. C. Huffman, William J. Wilson and Ned Wayburn",8
Max Davis,8
"John Stromberg, A. Baldwin Sloane and W. T. Francis",7
Manager ,7
Electrical effects,7
Henry W. Savage,7
George Marion,7
Klaw & Erlanger,7
Sam S. and Lee Shubert (Inc.),7
Reginald DeKoven,7
James Surridge,7
Frank E. Tours,7
Shoes,7
Scene Builder,7
Hans S. Linne,7
Lessee,6
Robert Hood Bowers,6
Berchard Dickerson,6
Joseph Fortier,6
Harry Digman,6
Lewis Hooper,6
Max Weber,6
Scenery painter,6
Lyrics,6
Mr. Paul Schindler,6
Words,6
Al Van der Werken,6
Cora MacGeachy,6
Fred Nathan,6
Al. Wilder,6
Avery Hopwood,6
Cammeyer,6
Property Man,6
Henry B. Harris,6
Otto Hauerbach,6
Sam S. & Lee Shubert Inc.,5
Playwright and Lyricist,5
B. A. Rolfe,5
Hassard Short,5
Scenery Designer,5
Joseph Sandford,5
Daniel Frohman,5
Cohan and Harris,5
Assistant Carpenter,5
Cora McGeachy,5
Ernest Gros,5
Costume designer,5
Geo. M. Cohan,5
Assistant,5
Scene Painter,5
Press Representative,5
Will H. Becker,5
Mrs. Kate Keeler,5
Cohan & Harris,5
Property Master,5
Manager of Company,5
David Belasco,5
Management,4
Will R. Barnes,4
Heinrich Marlow,4
Master of Props,4
Frank J. Sullivan,4
Assistant Master of Props,4
George Broadhurst,4
Business Representative,4
Songwriters,4
J. M. Welch,4
James Gorman,4
Treasurer,4
Walter J. Kingsley,4
Chas. K. Harris,4
F. C. Langley,4
Rhymes,4
William A. Brady,4
Victor Herbert,4
Rida Johnson Young,4
Stage Carpenter,4
Book,4
George W. Lederer,4
Adaptation and Lyrics,4
Junie McCree,4
Samuel Friedman,4
Porter Emerson Browne,4
"Frank Tannehill, Jr.",4
Ivan Caryll,4
Ralph J. Herbert,4
Edwin Milton Royle,4
Charles Klein,4
Playwright and Composer,3
Jack Mason,3
H. Bart McHugh,3
Willard Mack,3
Eugene Walter,3
"J. C. Huffman, William J. Wilson, and Ned Wayburn",3
Wm. Burridge,3
Charles Horwitz,3
author,3
Percival Knight,3
George Drumm,3
John Brunton,3
Aurelio Coccia,3
General Press Representative for Lew Fields,3
Sandy Young,3
Miss Ada Barclay,3
Show control designer,3
Channing Pollock and Rennold Wolf,3
Charles J. Gebest,3
Edwin Wallace Dunn,3
Charles F. Brown,3
James Crimmins,3
Master Electrician,3
General Representative,3
Everett Shinn,3
Charles Berton,3
Ad Newberger,3
Frank Saddler,3
Percy Wenrich,3
Marie Mosier,3
Book Writer,3
Pianist,3
August Kleinecke,3
Edward Siedle,3
Joseph R. Grismer,3
Robert Adamson,3
Edward Peple,3
Wigs,3
Hepner,3
Orange Manufacturing Co.,3
Walter Damrosch,3
Wallace Irwin and Walter Damrosch,3
Max Hirschfeld,3
Chief of Electricians,3
Julian Alfred,3
Lederer's Costume Department,3
"Dodge & Castle, New York",3
Representative,3
Music Director,3
Scene Painters,3
Marcus Loew,3
Earl Derr Biggers,3
Arthur Hoyt,3
Book by,3
Madame Ripley,3
Mr. Frank Saddler,3
Farm costumes,3
Homer F. Emens,3
Michael Morton,3
Jacob Flamm,3
Louis Hector,3
Lee Shubert ,3
James Darling,3
A. G. Pyke,3
Madame Valentine,3
Hanss Linne,3
John Kagy,3
James McCauley,3
Ben Loeffler,3
B. Volt,3
Montague Glass,3
Julian Eltinge,3
John J. Pierre,3
William J. Dean,3
Rachel Crothers,3
Walter Colligan,3
M.P. Krueger,3
cast member,3
John L. Peltret,3
Ollie Alger,3
Louis Evan Shipman,3
Edith Ellis,3
Edgar Selwyn,3
George Robinson,3
Mary Roberts Rinehart and Avery Hopwood,3
Percy Sage,3
Anatol Friedland,2
Robert T. Haines,2
Philip Bartholomae,2
Film Producer,2
Charles Lovenberg,2
Business Manager for Jesse L. Lasky,2
Master Mechanic for Jesse L. Lasky,2
Rupert Hughes,2
Ludwig Thoma,2
Rudolf Christians,2
Cecil de Mille,2
Herbert Hall Winslow,2
Mrs. Gardner Crane,2
Valerie Bergere  ,2
Costume Fabricator,2
William Collier,2
Jay G. Simms,2
Hamish McLaurin,2
Jimmie Barry,2
Grace Griswold,2
Archie Colby,2
John Stokes,2
Lawrence Grattan,2
Chas. Lovenberg,2
Francis Brady,2
Ad. Newberger,2
Richard Warner,2
Emmet Devoy,2
Frank Tours,2
Harry Tighe,2
Agent representing Mr. Weber,2
Anna Chandler and Al. Piantidosi,2
F. A. Crippen,2
Leo Edwards,2
Blanche Merrill and William Le Baron,2
Production Staged,2
Sohlke,2
Dialogue,2
Costume plates,2
George Nichols,2
B.A. Rolfe,2
General Manager for Cohan & Harris,2
Neil Kelly,2
V. Piazza,2
James Doyle,2
General Stage Director,2
Sam Forrest,2
Bert Feibleman,2
Al. White,2
B. F. Keith's New York Theatres Company,2
Florenz Wood,2
Anton Furst,2
Resident Manager,2
E. F. Albee,2
Elizabeth Jordan,2
Jessie Bonstelle,2
Copyright holder for singing rights,2
Frank Sheridan,2
Arthur Denvir,2
George W. Callahan,2
Mrs. Gene Hughes and Company,2
Valerie Bergere and Company,2
W. P. Wade,2
William Morris,2
Henry Berlinghoff,2
N. B. Spingold,2
George Whitefield Chadwick,2
Arthur S. Phinney,2
Advertising Agent,2
Holman Day,2
Managers,2
Music by,2
Agent for Mr. Weber,2
Agent for Mr. Fields,2
"Williams, Thompson and Copeland",2
T. B. McDonald,2
Lottie Blair Parker,2
Frank J. Clausman,2
Fire Commissioner,2
W. Howard,2
The Boy,2
Jos. M. Gaites,2
Frederick G. Latham,2
Harry Auracher,2
Company Manager,2
Joe W. Spears,2
Samuel Forrest,2
Spencer Charters,2
Augustus Pitou  ,2
Paul Herve,2
Jean Briquet and Adolf Philipp,2
Adolf Philipp,2
Uniforms,2
Scenery painting,2
Milton S. Harris,2
August Schulz,2
Conrad Mueller,2
Max Margulies,2
Edw. Lynch,2
Scenic Artists,2
Gustav Luders,2
David Marion,2
Joseph Wilson,2
Max & Mahieu and Madame Ripley,2
Wallace Irwin,2
W. J. Wilson and R. H. Burnside,2
George Engles,2
Songwriter,2
Maurice Greet,2
Samuel Reid,2
J. Cooper,2
Conductor and Composer,2
Henry Miller,2
Cellist of the Olcott Company,2
Herman Steisel,2
John J. Osborne,2
Willis Maxwell Goodhue,2
Assistant Properties,2
Propmaster,2
Arthur Spits,2
Emmerich Kalman,2
Authors,2
Charles D. Brown,2
Secretary,2
Charles Frohman,2
Joseph Brooks,2
Frank Young,2
R. N. Harris,2
F. S. Finnegan,2
H. O. Chaffee,2
Robt. Costello,2
"John Fox, Jr.",2
J. Arthur Clary,2
Edwin A. Relkin,2
Novelist,2
Mr. Mack Whiting,2
Charles Previn,2
F. Holmes,2
James Coppinger,2
Harry George,2
Mme. Mack,2
Oscar Hammerstein,2
Gus Hill,2
Geo. McManus,2
James Boland,2
Dodge & Castle,2
Sam Myers,2
Max & Mahieu,2
Harry B. Smith,2
Mr. George A. Nichols,2
David Atcheson,2
Color Schemes,2
Notes,2
Scenery designer and painter,2
Herbert Kerr,2
William Kellam,2
Henry E. Smith,2
Harry Bryant,2
Charles Cheney,2
Buell Scenic Studio,2
Mme. Haverstick,2
Henri Bendel,2
"Christine, Inc.",2
Chrisdie,2
William Faversham,2
May Marlowe,2
Thomas J. Gray and Max S. Witt,2
John Stout,2
Madame Keeler,2
Jack Frees,2
Jack Lait,2
Addison Pitt,2
Minna Phillips' Players,2
Scenery builder,2
Chas. Goddard and Paul Dickey,2
"William Harris, Jr.",2
Holbrook Blinn,2
Hudson Construction Co.,2
Messrs. Shubert,2
Walter S. Powell,2
Gown Designer,2
Herman Bahr,2
Leo Ditrichstein,2
Charles J. Carson,2
Louis Hartman,2
James Kearney,2
James Forbes,2
Robert Entwistle,2
Presenter,2
The Popular Motion Picture Co.,2
Herbert Gresham,2
Julian Mitchell,2
Robert Milton,2
Frederic Thompson,2
character,2
Dodge and Castle,2
Ben Stern,2
Business Manager for Company,2
Business Manager with Company,2
Percival T. Moore,2
Rose Stahl,2
Company Stage Director,2
Joseph Monahan,2
Anna Springer,2
Christie MacDonald,2
Jack Gibson,2
Joseph George,2
Campbell B. Casad,2
Frank O'Rourke,2
D. Frank Dodge,2
Borjenski,2
Owen Hitchins,2
William Parke,2
Ed. N. McDowell,2
W. H. Leyden,2
W. McPherson,2
Walter S. Baldwin,2
Costumier,2
Sam Freefield,2
Ned Holmes,2
George W. Barnum,2
Jerome D. Kern,2
Joseph W. Herbert,2
Rida Johnson Young and Paul West,2
J. C. Fireman,2
Dazian,2
Translator,2
Ferike Boros,2
Ferencz Herczeg,2
Whitaker Ray,2
Jean C. Havez and Geo. L. Botsford,2
Irving Berlin,2
Frank Stammers,2
Albert Smyth,2
Wallace Munro,2
Melville Hammett,2
Roxana Clayton,2
Blanche Bates,2
Mary Roberts Rinehart,2
Alice Gerstenberg,2
Lewis Carroll,2
Eric Delamater,2
Joseph Flanagan,2
Author and Lyricist,2
George Bowles,2
F. C. Butler,2
Barney Rogers,2
Wm. Connor,2
M. T. Middleton,2
Thos. T. Hoyne,2
George M. Cohan,2
Harry Cowan,2
"Playwright of ""At the Art Gallery""",1
Thos. J. Gray,1
Composer and Lyricist,1
Cecil Lean,1
William J. Hurlbut,1
"Director of ""The Man in the Dark""",1
Ed. F. Reynard,1
Frank Craven and Scott Welsh,1
Dialogue Writer,1
Scenic Painter,1
"John Stromberg, A. Baldwin Sloane, and W. T. Francis",1
Jas. T. Duffy,1
Fred J. Ardath and Company,1
Mme. Doree,1
Sign. Eugenie Pinelli,1
Film Scenario Writers,1
Benjamin H. Namm and Max Abelman,1
Film Director,1
Sidney M. Gouldin,1
"Carl Laemmle, Universal Film Manufacturing Company",1
Brooklyn Federation of Jewish Charities,1
"Stage Manager for ""Colonial Days""",1
Albert Perrin,1
Sir W. S. Gilbert,1
Producer for The Six American Dancers,1
Clara Lipman and Samuel Shipman,1
C. H. O'Donnell,1
Costumes for The Six American Dancers,1
Chas. A. Clark,1
William Le Baron and Cecil de Mille,1
Deems Taylor and Robert Hood Bowers,1
Edmund H. Reardon,1
Jas. Maxwell,1
Howard Jacob,1
Leon M. Polechek,1
George Baldwin,1
Aaron Hoffman,1
May Tully,1
Robert Davis,1
Electrician for Taylor Granville,1
Jack Raymond,1
"Taylor Granville, McCree and Clark",1
Taylor Granville,1
Sam Friedman,1
Business Representative for H. Bart McHugh,1
T. A. Reilly,1
Ed. Gallager,1
Personal Direction,1
"Albee, Weber & Evans",1
Una Clayton,1
"Producer of ""The Lawn Party""",1
Charles Eddy,1
Dresser for Miss Robbie Gordone,1
Mrs. A. Billings,1
Master of Properties for Miss Robbie Gordone,1
Ed. Quinn,1
Musician for Miss Robbie Gordone,1
Prof. Wetzdorf,1
Conductor of the Clef Club Orchestra,1
Dan Kildare,1
Thomas Grant Springer,1
"Director of ""Reno and Return""",1
Homer Miles,1
Musical Director for Marion Littlefield,1
Alfredo Zambarano,1
Ezra Kendall,1
Zellah Covington,1
Charles Dickens,1
"Producer of ""Scrooge""",1
Tom Terriss,1
Producer of The Frey Twins,1
Daniel Frey,1
Otto Stoeckel,1
Blumenthal and Kadelburg,1
Hermann Martin Stein and Ernst Soehngen,1
Franz A. Beyerlein,1
Wilhelm Meyer-Forster,1
"Producer of ""The Diamond Dinner""",1
Bayard Veiller,1
"Producer of ""In the Barracks""",1
"Playwright of ""In the Barracks""",1
"Composer of ""In the Barracks""",1
"Lyricist for ""In the Barracks""",1
Grant Stewart,1
"Orchestra Conductor for ""In the Barracks""",1
Ernest Grooney,1
Business and Stage Manager,1
John H. Purcell,1
J. Downs,1
"Playwright of ""The Promoter""",1
Searl Allen,1
The Keith & Orpheum Circuits' Production Co.,1
John A. Emery,1
Kate Elinore,1
Sam Williams,1
Arthur C. Pell,1
Stage Manager for The Keith & Orpheum Circuits' Production Co.,1
W. C. Gordon,1
Wardrobe Mistress for The Keith & Orpheum Circuits' Production Co.,1
Mrs. Ena Welsh,1
Electrician for The Keith & Orpheum Circuits' Production Co.,1
Joe Magnolia,1
Stage Carpenter for Gertrude Hoffmann,1
Bert Cushing,1
Master of Properties for Gertrude Hoffmann,1
Jack Clinton,1
Importer of Arabs for Gertrude Hoffmann,1
Hassan Ben Ali,1
Stage Manager for Gertrude Hoffmann,1
George Hay,1
Cornet Soloist for Gertrude Hoffmann,1
Frank Giannone,1
May Marion,1
Gertrude Hoffmann,1
Willard Bowman,1
Violin Soloist for Gertrude Hoffmann,1
Charles Kuhnon,1
Assistant Electrician for Gertrude Hoffmann,1
Thomas Oates,1
Drum Soloist for Gertrude Hoffmann,1
William Spedick,1
Wm. C. De Mille,1
John Willard,1
Max Witt,1
Bozeman Bulger and May Tully,1
Raymond W. Peck,1
Melville Alexander,1
Lester Browne,1
M. S. Bentham,1
Composer for Adelaide and J. J. Hughes,1
Lee Orean Smith,1
Pianist for Jack Norworth,1
Harry De Costa,1
Elsie Janis,1
Orchestra Conductor for Adelaide and J. J. Hughes,1
L. L. Vos Burgh,1
Herbert Warren,1
Tony Lubelski,1
Directors of Musical Numbers,1
James Gorman and John E. Gorman,1
Manager for Tony Lubelski,1
Wm. A. Douglas,1
Musical Director for Tony Lubelski,1
J. N. Rehauser,1
Capt. C. F. Adams,1
A. Seymour Brown,1
Edward Clark,1
Edward Clark and Homer Miles,1
Rita Weiman,1
"Producer of Film ""Harry Thaw in Court and Prison Cell""",1
Hal Reid,1
Victor H. Smalley,1
Lewis and Gordon,1
Author of Rhymes,1
Drum effects,1
Costume plates designer,1
Frank c. Langley,1
General Press Representative for Weber & Fields' Jubilee Co.,1
Promoter of the International Caberet-Vaudeville Trust Josh Kidder,1
Michael Dillpickle,1
Joe Weber,1
"Pierre Poisson, proprietory of a bankrupt Parisian cafe",1
George Beban,1
"Mrs. Wallingford Grafter, with Bohemian instincts and a talent for poker",1
Lillian Russell,1
"Peachie Mullen, in vaudeville",1
Fay Templeton ,1
"Clorinda McCann, her father's daughter",1
Helena Collier Garrick,1
Mabelle Adams and Company,1
Business Manager for B. A. Rolfe,1
John L. Gorman,1
John C. Peebles,1
Miss Ray Cox,1
Daniel Frohman and David Belasco,1
Wm. Elliott ,1
Jeanette Nordenshield,1
Doris Wilson,1
Mary Morman and H. H. Winslow,1
Claude Gillingwater,1
Ed Wynn,1
Charlot Bannel,1
"Director of ""The Purple Lady""",1
Bert Dantzer,1
"Playwright of ""The Cop""",1
Tom Barry,1
"Playwright of ""The Purple Lady""",1
Frank Kennedy,1
"Producer of Ralph Lynn in ""The Purple Lady""",1
"Playwright of ""The Girl from Childs""",1
"Playwright of ""A Regular Business Man""",1
"Hal Davis, Inez Macauley and Company",1
producers,1
A. Coccia ,1
Pianist for Mr. and Mrs. Carter De Haven,1
Dave Stamper,1
"Playwright of ""The Man in Front""",1
Alfred Sutro,1
Edmond Hayes,1
William Jerome,1
Frank Drietrini,1
Eva Taylor and Company,1
Writer of a Prelude and Interludes,1
Gus Edwards,1
Will D. Cobb and Edward Madden,1
Musical Director for Gus Edwards,1
Louis Silvers,1
Costumes ,1
Mme. Freisiner,1
Ralph Remley,1
Prelude and Interlude Creator,1
Daniel D. Carter,1
Harrison Rhodes and Thomas A. Wise,1
Producer and Director for Mlle. Minni Amato,1
Producer of The Six Steppers,1
Max Hart,1
"Producer of ""Detective Keen""",1
"Stage Manager for ""Detective Keen""",1
Sterling Cheseldine,1
Daniel Dore,1
Playwright and Director,1
A. Coccia,1
Cora McGeachey,1
RenÌ¬ Charpentier,1
Olive Carr,1
Master Mecanic for Hermine Shone and Company,1
Thomas McQueen,1
Composer of the Laughing Song,1
Mary Rider and St. P. Mellirac,1
Miss Davenport's Gowns and Hats,1
Redfern,1
McConnell and Simpson,1
H. H. Winslow,1
Richard Harding Davis,1
Everett S. Ruskay,1
Maverick Terrell and H. O. Stockham,1
Julius Steger,1
Director ,1
Author of Dialogue,1
WEBER and FIELDS JUBILEE COMPANY,1
"Josh Kidder, promoter of the International Cabaret-Vaudeville Trust",1
Henry Marshall,1
Playwrights and Composers,1
Manager of the Annual Benefit of the Actors' Fund of America,1
Walter Law,1
Mr. Law,1
Rosco Major,1
J. C. Becker & Bro.,1
Borani and Nevaro,1
Madame Larago,1
John W. Dunne,1
Emmett Devoy,1
"Orchestra Conductor for ""The Trained Nurses""",1
"Jane Quirk, Trained Nurse",1
"Director of ""The Trained Nurses""",1
John Stomberg,1
"Producer of ""Arcadia""",1
"Playwright of ""The Last of the Quakers""",1
Thomas Gray,1
Raymond Walker,1
Piano,1
O.W. Wuertz,1
Numbers,1
Musical Instruments,1
C.G. Conn,1
Frank Liague,1
Jay G. Sims,1
Trombone,1
Wm. Hlavac,1
Monster Tuba,1
Paul M. Brown,1
Euphoneum,1
Arthur Black,1
Miss Shone's Costumes,1
Clarice,1
Scnery,1
Glasel & Co.,1
Miss Seeley's costumes,1
Madame Frances,1
Diretors,1
William J Wilson,1
J C Huffman,1
Production manager,1
R. H. Burnside,1
Carl Weizelbaum,1
General Press Representative for Cohan & Harris,1
Manager with the Raymond Hitchcock Co.,1
Stage Manager with the Raymond Hitchcock Co.,1
Master Electrician with the Raymond Hitchcock Co.,1
Mr. E. Pinelli,1
Madame Goulette,1
E. D. Bauer,1
Asst. Property Master,1
George Millta,1
Harry Mitchell,1
Harrie Johnson,1
Charles McClintock,1
George Totten Smith,1
Armand Kalisz,1
Oscar Frederickson,1
Mr. R. B. Richards,1
Dodd Ackermann,1
Lee Lash Studio,1
J. Huntly Garvy,1
"Orchestra Conductor for ""The Beauties""",1
Business Manager for Jesse L. Lasky Company,1
Bert Kalmar,1
Amos J. Myers,1
Grace Warren,1
Charles Burton,1
Book/Lyrics,1
William LeBaron,1
Theatre Owner,1
James A. Peppard,1
Harry A. Bailey,1
Bronx Operating Co.,1
Asst General Manager,1
J. J. Maloney,1
"Billy ""Swede"" Hall and Company",1
Aquatic Director,1
Sam Mahoney,1
John W. Crowley,1
Wm. A. Brady,1
Color Schemes selector,1
Farm Costumes,1
Bert Angeles,1
Joseph A. Golden,1
Joseph Hayden,1
Owner,1
"Producer of ""The Villain Still Pursued Her""",1
Time,1
United Booking Office,1
Pawn Tickets,1
Simpson,1
Perfume Extract de Porcine,1
Armour & Co.,1
Hats and Gowns,1
F.W. Woolworth Co.,1
Lewis Wolf,1
Samuel Tauber,1
Ass't. General Manager,1
J.J. Maloney,1
W. W. Jacobs and H. N. Sargent,1
Musical Directess,1
Harry Tate,1
Fred Turner,1
Blanche Merrill,1
Madame Estella,1
Dave Stampfer,1
H.N. Sargent,1
W.W. Jacobs,1
Representative for Mr. Fields,1
Marie Doran,1
Miss Bergere,1
Mme. Bacon,1
Conductor of Bronx Theatre Orchestra,1
Edw. Blondell and Company,1
Matthews and Alshayne,1
John P. Wade,1
Treasurer for William Morris,1
General Press Representative for William Morris,1
Secretary for William Morris,1
M. M. Wagner,1
Walter Browne,1
Irene Berge,1
I. W. Hope,1
John McKee,1
Ass't Stage Manager,1
Theodore Wilde,1
Assistant Mechanic,1
Claud Doane,1
Flyman,1
Frank Colbert,1
Thomas Little,1
Assistant Master of Properties,1
Clarence Deuell,1
Jerry Simpson,1
Robert Stanton,1
Mrs. S. Randolph,1
E. Ray Goetz and A. Baldwin Sloane,1
William Redfield and Hilding Anderson,1
Gown Fabricators,1
Mme. M. Smith and Kate Gallagher,1
General Manager for Lew Fields,1
"Representative with ""The Sun Dodgers"" Company",1
John P. Toehey,1
Clyde Hall,1
Ben Quatrochi,1
Miss Annette Barclay,1
"Harriet Ford, Harvey J. O'Higgins and the Famous Detective, William J. Burns",1
Lyrics by,1
Theatre Orchestra,1
J. Hartley Manners,1
Thomas A. Wise,1
Harrison Rhodes,1
Lighting,1
Kliegl Bros.,1
George V. Hobart,1
Wilfred Clarke,1
E. Ray Goetz and John D. Golden,1
Joseph Hart's,1
In a Musical and Terpsichorean Novelty,1
The Grazers,1
Character Singing Comedians,1
Pealson and Goldie,1
"Presenting Mr. Clarke's Farce ""What will happen next?""",1
Wilfried Clarke Company,1
Scenery construction,1
Lew Fields' Production,1
Words by ,1
Rhymes by ,1
Scenery by ,1
Paul Schindler,1
Assistant for Nana,1
Mon. Alexis,1
Tom Vallance,1
Business Managers,1
Charles Fields and Max Weber,1
Stage producer,1
Elaborator,1
Inventor of snow storm effect,1
E. Pinelli,1
Business manager,1
A. Mennilli,1
General manager,1
Ponchielli,1
Donizetti,1
Verdi,1
La Scala Italian Grand Opera Co.,1
Jane Quirk,1
General Stage Director for Jesse L. Lasky,1
John H. M. Dudley,1
Music Arranger for Big City Four,1
"Geoffrey O'Hara, U. S. Government Musical Instructor on the Indian Reservation",1
Suffragette Girl,1
Grace Hall,1
The Man,1
The Servant,1
"""La Brulante""",1
Comedy Star,1
Mrs. McDevitt,1
Business Mechanic,1
Howard Washburn,1
Miss Jane Quirk,1
Fred. De Gresac and Harry B. Smith,1
Gustave Saltzer,1
Frederic A. Bishop,1
Earl C. Anthony and Arthur F. Kales,1
Personal Representative,1
Patrricia Flynn,1
George W. Monroe,1
Hilding Anderson,1
Ward'be Mistress,1
"General Press Representative, Lew Fields",1
"Manager, Lew Fields Company",1
I. Miller,1
New York Calcium Light Co.,1
Costumes & Chorus Gowns,1
Ms. Herlein's gowns and hats,1
"Clarice, New York",1
William J. Wilson,1
J.C. Huffman,1
Leo. C. Teller,1
Carl von Wegern,1
"B. Altman & Co., Fifth Avenue, New York; Boucher & Fils, Paris",1
"Draperies, Hangings and Furniture, etc.",1
"Altman & Co., Fifth Avenue and M. Eilenberg",1
"Russel Uniform, Co., New York",1
"Young Bros., New York",1
"Kliegle Bros., New York",1
Flowers,1
"General Flower and Decorating Company, New York",1
Business representative,1
Paul Philipp,1
Assistant Manager,1
Otto Hess,1
Young Bros.,1
Young Bros,1
Adapter,1
The Adolf Philipp Company,1
Frank Smithson,1
Hy. Mayer,1
Charles Brown,1
Edwin Wakefield,1
Staged director,1
Mrs. Wagner,1
Tony Forte,1
A. Lefkowitz,1
Wm. P. Nolan,1
Chas. Stade,1
Horace J. Hain,1
Robert W. Priest,1
Harriet Ford and Harvey J. O'Higgins,1
Consultant,1
Detective Wm. J. Burns,1
Gustav von Seyffertitz and Robert Hilliard,1
Copywright holder,1
K. M. Turner,1
George W. Sammis,1
Ralph Theadore,1
James Kelly,1
Composer of Additional Numbers,1
Manager of Lederer's Costume Department,1
Additional Numbers,1
Mr. George W. Lederer,1
Costume Manager,1
Composer of Incidental Music,1
Frederic Knight Logan,1
T. Bernard MacDonald,1
H. A. Ogden,1
First Violinist of the Olcott Company,1
Albert Pearl,1
George Brennan,1
Edw. F. Kendall,1
Edmund Shalet,1
John Borden,1
Karl Kummer,1
Alex. Blair,1
Karl Kammer,1
Albert Kester,1
Homer F. Emens and Unitt & Wickes,1
"Dermot MacMurrough, Chauncey Olcott, Louis Weslyn, Ernest R. Ball, Dan J. Sullivan, Frederic Knight Logan",1
Lew Fields' Midsummer Production,1
Mr.Paul Schindler,1
Mr. Fields' Agent,1
Mr. Weber's Agent,1
Julius Wilhelm,1
Fritz Grunbaum,1
Julius Wilhelm and Fritz Grunbaum,1
English Book and Lyrics,1
C. C. S. Cushing and E. P. Heath,1
Albert Pesce,1
Harry Child,1
Robert Buchanan,1
Joseph Donohue,1
Joseph Smith,1
Hugh McManus,1
William C. Elliott,1
Mrs. D. L. Keating,1
"PALI RACK, the Gypsy Leader",1
J.K. MURRAY,1
Edward O'Hara,1
Mechanical Effect,1
Electrical Effect,1
Henry Gebhart,1
Ernest Gros; Ronsin; Dodge & Castle,1
Kate Douglas Wiggin and Charlotte Thompson,1
Kate Douglas Wiggin,1
Lawrence Marston,1
M. P. Kreuger,1
Representative for Klaw & Erlanger,1
Edward G. Cooke,1
Machinist,1
H. R. Johnson,1
Charles Gibler,1
Arthur Ellick,1
Harry Buchanan,1
Globe Electric Company,1
Scene Construction,1
Platzer,1
"Klaw & Erlanger, Mr. Joseph Brooks",1
C. P. Schwager,1
The Dormet Film Company,1
Electrican,1
T. D. Bonneville,1
Source Material,1
Script Elaborator,1
Lottie Blair Parker and Joseph R. Grismer,1
E. D. Price,1
Reginald Barker,1
Alden Wheeler,1
George H. Smith,1
Barney Goldberg,1
"Agent of Frazer, Bunce and Moran",1
Agent of Ben Edwards,1
Agent for Eleanor Fischer,1
Agent for Harry Thompson,1
Agent for Sidney C. Gibson,1
"Joe Rose, College Inn",1
Agent for Eddie Cline,1
Announcer for Kohl and Wood,1
Eddie Mannix,1
Agent for Bob Fisher,1
Emma Trantini,1
Agent for Dick Richards,1
Minden Cabaret,1
Moses Richter,1
Jacob Gordin,1
Thomas Bennett,1
Lew Pollack,1
"Augustus Pitou, Jr. Inc.",1
"Augustus Pitou, Sr.",1
"Augustus Pitou, Jr.",1
Myles Murphy,1
Walter Harmon,1
Don Merrifield,1
James E. Miller,1
Linda Bloodgood,1
Sam Moyed,1
Frank Pecchia,1
Edward Myers,1
Ed. Morris,1
Cohan and Harris' Own Company,1
"Mrs. Stingley, Chicago",1
Fiske O'Hara and Linda Bloodgood,1
Charles Dillingham,1
George Ade,1
Charles Zimmerman,1
Acting Manager for Mr. Dillingham,1
Arthur Houghton,1
Stage Manager for Mr. Dillingham,1
Mack Whiting,1
Mr. Harry F. Fulton,1
Mr. Arthur Houghton,1
The Pearl Maiden Co. (Inc),1
Librettists,1
Earle C. Anthony and Arthur F. Kales,1
Al. Holbrook,1
Adolphe Mayer,1
Advance Representative,1
P. S. Mattox,1
Director of Music,1
Asst. Director of Stage,1
Librettist,1
Arthur F. Kales,1
Wm. H. Fitzgerald,1
Properties Master,1
Libretto,1
Earle C. Anthony,1
Cartoonist creator,1
Authors of Book,1
Thomas Swift and John P. Mulgrew,1
Elven E. Hodges,1
Costumers,1
"Frank Hayden, Madam Ruhe, and Wm. Adler",1
Martin Sampter,1
Advance Manager,1
Frank Barry,1
Jesse H. Jacobson,1
L. L. Vosburgh,1
Dick Simmons,1
Wm. Yates,1
Adolf Philipp Company,1
Elven E. Hedges,1
Thomas Swift,1
Miller,1
"Frank Hayden, Madam Ruhe, and Wm. Adler; Samuel Jacobs",1
Original Playwrights,1
Fonson and Wicheler,1
Musical Director ,1
Priscilla Hubbard,1
Louise Groody,1
Ruth Ambrose,1
Irene Fenwick,1
Col. Miles Standish Bradford,1
Joseph Kilgour,1
Mrs. Dorcas Burnham,1
Maude Turner Gordon,1
Annabelle Burnham,1
Vivian Wessell,1
Oscar Dunn,1
Edgar Nelson,1
Captain Nathan Hodge,1
F. J. McCarthy,1
Evander Hitchborn,1
Pliny Bangs,1
John McKenna,1
Old Port Silver Cornet Band,1
German Irving Place Theatre Players,1
Choreographers,1
James Gorman and Percy Leach,1
Interlocutor,1
Ben Lina,1
Percy Leach,1
Jos. P. Egan,1
Fred De Gresac,1
Kerry Mills,1
A.H. Woods,1
Selector of Color Schemes,1
Copyright holder,1
Chas K. Harris,1
"Business Manager with ""The Hen-Pecks"" Company",1
"Stage Director with ""The Hen-Pecks"" Company",1
"Master of Properties with ""The Hen-Pecks"" Company",1
Glen Macdonough and A. Baldwin Sloane,1
Additional Musical Numbers,1
Hans S. Linne and Will H. Becker,1
Scenic Artist,1
E.Ray Goetz,1
John E. Lyndehan,1
"Sam S. & Lee Shubert, Inc.",1
Karl Wexilbaum,1
General Stage Director for Cohan & Harris,1
Manager with The Hitchcock Company,1
Stanley Fields,1
Lou Jencks,1
Al. Bauer,1
Mistress of the Wardrobe,1
Madame Antrim,1
Ernest Albert of the Lee Lash Studios,1
T. B. MacDonald,1
John Cort,1
Leonard Liebling,1
Henry Gebhard,1
Company Manager for Mr. Cort,1
Lesee and Manager,1
Russell Uniform Company,1
Max and Mahieu,1
Millinery,1
Algernon Giles,1
"DeWolfe, Wachner & Company",1
John Philip Sousa,1
Manager of Mlle. Emma Trentini,1
Arthur Hammerstein,1
William Axt,1
George Blumenthal,1
May Dowling,1
Eugene Roder,1
Stage Machinist,1
Nelson Haverstock,1
Emory Lenharr,1
Wm. Shunk ,1
James Armstrong,1
C. S. M. McLellan,1
Wm. Steinway Lavine,1
Michael Wilens,1
William Dickerman,1
Julian Rolfe,1
Sydney Booth,1
F. F. Cleckner,1
"Siedle Studios, New York",1
"Dodge and Castle, New York",1
Lee Shubert,1
"Frank Tannehill, Jr. and Bud Fisher",1
E.S.S. Huntington,1
Edward Hutchinson,1
J. M. Cunningham,1
Joe Raymond,1
Chas. H. Yale,1
Ribert Bernard,1
Assistant Agent,1
Thomas Mulligan,1
Chas. F. Posty,1
Howard Webster,1
E. S. S. Huntington,1
General Agent,1
H. B. Denny,1
Frank B. Peacock,1
"Max Witt, Inc.",1
Lester Brown,1
Frederic Sargent,1
Max S. Witt,1
Thomas J. Gray,1
Founded on the French Book of,1
M. Ordonneau,1
Hugo Felix,1
Present Version,1
Karl Hoschna,1
Lulu,1
Alice Palmer,1
Catharine,1
Elizabeth Murray,1
Phillippe,1
Sherman Wade,1
"Messrs. Woods, Frazee and Lederer",1
Superintendent of Costumes,1
Scenery Producer,1
"Ernest Albert of Lee Lash Studio, New York",1
General Musical Director,1
General Director,1
General Music Director,1
Hans Linne,1
A Guest,1
Billy,1
Helen Van Ness,1
Irene Palmer,1
Theater owner,1
Costume Supervisor,1
Frazee & Lederer's Costume Department,1
additional numbers by,1
"Manager, Lederer's Costume Department",1
Costume Department Manager,1
Mr. Edgar Norris,1
Stage manager,1
Orchestration,1
Singing Rights Copyright Owner,1
Costume Plate Designer,1
Assistant Propmaster,1
manager,1
Mr. Faversham,1
Western Union Money Transfer,1
advance ticket sales,1
A. E. W. Mason,1
Louis Nethersole,1
"Colonel J. N. Smith, D. S. O.",1
H. Reeves Smith,1
"William Faraday, J.P.",1
Stanley Dark,1
"Admiral Grice, R.N.",1
Halbert Brown,1
Margaret Anglin,1
Winchell Smith,1
M.P. Kruger,1
John Emerson,1
Albert Browne,1
Playwright of American Version,1
Wilson S. Ross,1
Eva Wharton,1
Altmann & Co,1
Concert Grand Piano,1
Wissner & Co,1
D. G. Slattery,1
General Manager for the Olcott Company,1
Gilbert Miller,1
John E. Hogarty,1
Harvey O'Higgins and Harriet Ford,1
Mr. McGinnis,1
Mrs. McGinnis,1
Nina Saville,1
Mrs. O'Dowd,1
Bessie LeaLestina,1
Mr. O'Dowd,1
Richard Quilter,1
Lawrie Linnering,1
Fleming Ward,1
Squire Linnering,1
Charles E. Verner,1
Dennis O'Malley,1
Mr. Olcott,1
Mona Carin,1
Edith Luckett,1
Miss Margaret Flinn,1
Maud Hosford,1
Bridget O'Riley,1
Jennie Lamont,1
Granny,1
Jessie Crommette,1
Michael,1
Stephen Davis,1
Cassius N. Freeborn,1
A. C. Robinson,1
J. Edward Killalea and J. Kiernan Brennan,1
Ernest R. Ball,1
Color Schemes Selector,1
Chief Carpenter,1
Copyright Protection,1
R. De Flers and A. De Caillavet,1
William Seymour,1
Homer Emens,1
Lucille,1
Lucile,1
Edgar Norris ,1
Oliver Morosco,1
Monckton Hoffe,1
Thomas T. Hoyne,1
C. M. S. McLellan,1
Frederic Solomon,1
Manager for Klaw & Erlanger,1
Sam Harrison,1
Adaptor of the American Version,1
Georges Berr and Marcel Guillemaud,1
Set Designer,1
Manager for Mr. Brooks,1
Charles t. Bulklay,1
Business Manager for Mr. Brooks,1
Charles Phillips,1
Alice Kelly,1
charactor,1
Richard Ward,1
Frances Ward,1
Eleanor Woodruff,1
Suffern Thorne,1
Mattie Ferguson,1
Cast Member,1
Edwin Holland,1
"Monty Ward, Richard's brother",1
Sumner Gard,1
Representative for Mr Weber,1
writer,1
Propmasters,1
Arthur Spits and Edward Seidle,1
Costume Manufacturer,1
Mr. Fred Fleck,1
Press representative,1
Mr. John Montague,1
Mr. Joseph Conn,1
Mr. John Gaty,1
Mr. Fred Gleckner,1
Edgar MacGregor,1
Lessee and manager,1
Stage Manager with Company,1
David Graham Phillips,1
Ollie Alget,1
Maggie Pepper,1
Joe Holbrook,1
Frederick Truesdell,1
Merchison,1
Herbert Ayling,1
Lessee & Manager,1
Ada Darkin,1
Mary Hampton,1
C. M. S. McClellan,1
Director of Ensemble Numbers,1
Dialogue Director,1
Musical Conductor,1
Sidney Reilly,1
Ernest Shuter,1
Charles A. Goettler,1
James O'Brien,1
Joseph Magnola,1
F. Richard Anderson,1
Joseph Keeley,1
"Founded on the French Farce, ""Le Petit Cafe"" by",1
Tristan Bernard,1
Byron Ongley,1
Rennold Wolf and Channing Pollock,1
Louis F. Werbs,1
Mark A. Luescher,1
John McGhie,1
Harry B. and Robert B. Smith,1
Heinrich Reinhardt,1
Book and Lyrics in German,1
Julius Wilhelm and A.M. Willner,1
Louis F. Werba and Mark A. Luescher,1
Vladimir,1
R. Rhys,1
Barbara,1
Violet Laurel,1
Sophie,1
Gertrude Rudd,1
The Water Sprite,1
Beth Stone,1
Josie,1
Frances Du Barry,1
Mr. Skinner,1
Otto F. Hoffmann,1
Fritzi,1
Beatrice Singer,1
The Rabbit,1
Miss Bowen,1
Gretel,1
Elizabeth Bell,1
Prince Nepomuk,1
Ben Hendricks,1
Elsie,1
Gertrude Holland,1
Headliner,1
Baron Rudi,1
Vincent Sullivan,1
Eugene,1
Col. Boone,1
Edward Metcalf,1
Louis,1
Dick Van Dyck,1
Spaetling (the town sleuth),1
Charles W. Meyers,1
Hanni,1
Madeline Dailey,1
Evakatl,1
Isabel C. Francis,1
Ursula,1
Jessie Bradbury,1
Roland,1
Tom McNaughton,1
Mr. Lomax,1
Arthur Thalasso,1
Annamirl,1
Elgie Bowen,1
Niki,1
Karl Porter,1
Prince Aldar,1
Thomas Conkey,1
Toni,1
Otto Wilson,1
Fritz,1
Albert Van Sand,1
Princess Bozena,1
The Huntsman,1
Anitra McTavish,1
Electrical Fountain effect,1
Elmer Ferguson,1
Werba and Luescher Costume Department,1
Scenery Painted,1
designs,1
Floral effects,1
Werba & Luescher Electrical Department,1
Miss Macdonald's gowns,1
R.W. McFarland,1
Seldie & John Ellick,1
Floral Effects Designer,1
Joseph Beck,1
J. Schrage,1
Advance Agent,1
Jos. Edmonston,1
"Joseph, New York",1
Shoes by,1
Properties by,1
Harry Bradbury,1
Charles P. Burton,1
Frank Minzey,1
Roy Williams,1
Earl Wallover,1
Hal Hughes,1
Corwin Luskmoor,1
Fire commissioner,1
Ma Hopkins,1
Mrs. Frank Chapman,1
"Lyricist of ""Rose in the Bud""",1
Percy J. Barrow,1
Paul West,1
Mr. Clarence West,1
Joseph Allenton,1
Props manager,1
Daniel Lyons,1
Harry Flohr,1
Adaptor,1
Unitt & Wickes,1
Albert R. Force,1
"Producer, Manager",1
Leo C.Teller,1
adaptor ,1
Terka,1
Edith Page,1
Harry James Smith,1
Harrison Grey Fiske,1
Art Director,1
Costumer,1
Mr. Forbes,1
Miss Kenwyn's Gowns,1
"Maison Maurice, New York",1
Hats,1
Bendel,1
Dresses,1
Bach & Conner,1
Bridesmaids,1
"Misses Williamson, Ashton, Barnette, Mooney, Merritt, Hill, McKenzie, Linnell",1
Costume makers,1
Writers,1
Fishermaids,1
"Misses Merritt, Smith, Roche, Barnette, Linnell, Oliver, Lean, Springer, Adair, Gray, Ashton, Williamson, May, Barrie, Hill, Proctor, Loraine, Myrtle, Rothwell, Siegel, Parry, Campbell, Hill, McKenzie, Jerome, Frazier, Rudd, Thornton, Huntington, Perot, Baline, and Langdon",1
Peasants,1
"Messrs. Cryan, Jackson, Lovel, Doolan, Sachs, McCormack, Landres, Rubinroff, Edward, Gold, Cardero, Pendergast, Reese, Brunner, Wilson, Nathan, Scott, Cody, Lang, Dress, Rose, Bogart, Deem",1
"Henry Wynnegate, Earl of Kerhill",1
J. Malcom Dunn,1
Milliner,1
Gown supplier,1
Mens' clothier,1
Gown supplier for Mrs. Lydig Hoyt,1
James K. Hackett,1
Wm. F. Muenster,1
H. H. Niemeyer,1
Fred A. Sullivan,1
Al. Bolland,1
John E. Smith,1
Clarence Force,1
Fred DeGresac and Harry B. Smith,1
John Stromberg,1
Dav'd Atchison,1
Mr. Fields' representative,1
F.C. Langley,1
Mr. Weber's Representative,1
W.H. Oviatt,1
Miss Templeton's gowns,1
Shulman & Shulman,1
Miss Russell's Hats,1
Suzanne Trowbridge,1
Jeweled Embroideries,1
Hoshajian Co.,1
Miss Russell's gown construction,1
Hitchings,1
Miss Russell's Gown Designer,1
Tryon,1
Gus Sohlke ,1
Arrangers,1
Musical Arrangers,1
"March-""Victory""",1
E. W. Mansfield,1
C. G. Bochert,1
Harris L. Forbes,1
Robert Law,1
E.W. Mansfield,1
Bud Fisher,1
Mr. Gus Hill,1
Mahmout Azoor,1
Anthony Andre,1
"Kyamil Pasha, the Govenor",1
Edward R. Mawson,1
A barber,1
Joseph Kischer,1
Mr. Belasco,1
Incidental Music,1
William Furst,1
Manis Gross,1
Messrs. Wagenhals and Kemper,1
BETTY JACKSON,1
ADELAIDE PRINCE,1
Westropp Saunders,1
Countess Manuela Valencia,1
Edith Campbell,1
Fanny Owens,1
Alice Claire Elliott,1
Duke of Moreland,1
Bruce McRae,1
Ned Stephens,1
Rex McDougall,1
Baron Reuter,1
Minor S. Watson,1
Gound,1
Lampe,1
DeKoven,1
Paul Dickey,1
Chas. Goddard,1
The Players' Producing Company,1
W. H. Gilmore,1
Scenery and Costume Designer,1
William Penhallow Henderson,1
A. L. Perry,1
J. G. Davis,1
G. Berliner,1
Abraham S. Schomer,1
Dramatized,1
Staged,1
W.H. Gilmore,1
Designer,1
William Penhallow Headerson,1
J.G. Davis,1
A.L. Perry,1
Author ,1
F. A. Mills,1
"Hayden & Co., New York",1
"Gowns, hats and riding habits for the company",1
Frances,1
Orchestration Arranger,1
Wm. M. Redfield,1
Manager   ,1
Lee Harrison,1
Robert B. Smith,1
Wagenhals & Kemper Company,1
Mr. Collin Kemper,1
Colin Kemper,1
Rollinson,1
Hoschas,1
Langley,1
Remick,1
The Estate of Henry B. Harris,1
Thomas W. Ryley,1
General Manager of the Popular Motion Picture Co.,1
Rennold Wolf,1
Hudson Construction Company,1
"Joseph Physioc Studios, H. Robert Law Studios",1
Production Supervisor,1
George Wotherspoon,1
Gus Eichels,1
Si. Merritt,1
James Bacon,1
Jim Smith,1
Story,1